folder_path;label
C:\labs\ppr_lab5\dataset_folder\train\zebra\0000.jpg;1
C:\labs\ppr_lab5\dataset_folder\train\zebra\0001.jpg;1
C:\labs\ppr_lab5\dataset_folder\train\zebra\0002.jpg;1
C:\labs\ppr_lab5\dataset_folder\train\zebra\0003.jpg;1
C:\labs\ppr_lab5\dataset_folder\train\zebra\0007.jpg;1
C:\labs\ppr_lab5\dataset_folder\train\zebra\0009.jpg;1
C:\labs\ppr_lab5\dataset_folder\train\zebra\0010.jpg;1
C:\labs\ppr_lab5\dataset_folder\train\zebra\0012.jpg;1
C:\labs\ppr_lab5\dataset_folder\train\zebra\0013.jpg;1
C:\labs\ppr_lab5\dataset_folder\train\zebra\0014.jpg;1
C:\labs\ppr_lab5\dataset_folder\train\zebra\0015.jpg;1
C:\labs\ppr_lab5\dataset_folder\train\zebra\0016.jpg;1
C:\labs\ppr_lab5\dataset_folder\train\zebra\0017.jpg;1
C:\labs\ppr_lab5\dataset_folder\train\zebra\0018.jpg;1
C:\labs\ppr_lab5\dataset_folder\train\zebra\0019.jpg;1
C:\labs\ppr_lab5\dataset_folder\train\zebra\0020.jpg;1
C:\labs\ppr_lab5\dataset_folder\train\zebra\0021.jpg;1
C:\labs\ppr_lab5\dataset_folder\train\zebra\0022.jpg;1
C:\labs\ppr_lab5\dataset_folder\train\zebra\0023.jpg;1
C:\labs\ppr_lab5\dataset_folder\train\zebra\0024.jpg;1
C:\labs\ppr_lab5\dataset_folder\train\zebra\0025.jpg;1
C:\labs\ppr_lab5\dataset_folder\train\zebra\0026.jpg;1
C:\labs\ppr_lab5\dataset_folder\train\zebra\0027.jpg;1
C:\labs\ppr_lab5\dataset_folder\train\zebra\0028.jpg;1
C:\labs\ppr_lab5\dataset_folder\train\zebra\0030.jpg;1
C:\labs\ppr_lab5\dataset_folder\train\zebra\0031.jpg;1
C:\labs\ppr_lab5\dataset_folder\train\zebra\0032.jpg;1
C:\labs\ppr_lab5\dataset_folder\train\zebra\0033.jpg;1
C:\labs\ppr_lab5\dataset_folder\train\zebra\0034.jpg;1
C:\labs\ppr_lab5\dataset_folder\train\zebra\0035.jpg;1
C:\labs\ppr_lab5\dataset_folder\train\zebra\0036.jpg;1
C:\labs\ppr_lab5\dataset_folder\train\zebra\0037.jpg;1
C:\labs\ppr_lab5\dataset_folder\train\zebra\0038.jpg;1
C:\labs\ppr_lab5\dataset_folder\train\zebra\0039.jpg;1
C:\labs\ppr_lab5\dataset_folder\train\zebra\0040.jpg;1
C:\labs\ppr_lab5\dataset_folder\train\zebra\0041.jpg;1
C:\labs\ppr_lab5\dataset_folder\train\zebra\0042.jpg;1
C:\labs\ppr_lab5\dataset_folder\train\zebra\0043.jpg;1
C:\labs\ppr_lab5\dataset_folder\train\zebra\0045.jpg;1
C:\labs\ppr_lab5\dataset_folder\train\zebra\0046.jpg;1
C:\labs\ppr_lab5\dataset_folder\train\zebra\0047.jpg;1
C:\labs\ppr_lab5\dataset_folder\train\zebra\0049.jpg;1
C:\labs\ppr_lab5\dataset_folder\train\zebra\0051.jpg;1
C:\labs\ppr_lab5\dataset_folder\train\zebra\0052.jpg;1
C:\labs\ppr_lab5\dataset_folder\train\zebra\0054.jpg;1
C:\labs\ppr_lab5\dataset_folder\train\zebra\0056.jpg;1
C:\labs\ppr_lab5\dataset_folder\train\zebra\0057.jpg;1
C:\labs\ppr_lab5\dataset_folder\train\zebra\0058.jpg;1
C:\labs\ppr_lab5\dataset_folder\train\zebra\0059.jpg;1
C:\labs\ppr_lab5\dataset_folder\train\zebra\0060.jpg;1
C:\labs\ppr_lab5\dataset_folder\train\zebra\0062.jpg;1
C:\labs\ppr_lab5\dataset_folder\train\zebra\0063.jpg;1
C:\labs\ppr_lab5\dataset_folder\train\zebra\0064.jpg;1
C:\labs\ppr_lab5\dataset_folder\train\zebra\0066.jpg;1
C:\labs\ppr_lab5\dataset_folder\train\zebra\0067.jpg;1
C:\labs\ppr_lab5\dataset_folder\train\zebra\0069.jpg;1
C:\labs\ppr_lab5\dataset_folder\train\zebra\0070.jpg;1
C:\labs\ppr_lab5\dataset_folder\train\zebra\0071.jpg;1
C:\labs\ppr_lab5\dataset_folder\train\zebra\0074.jpg;1
C:\labs\ppr_lab5\dataset_folder\train\zebra\0075.jpg;1
C:\labs\ppr_lab5\dataset_folder\train\zebra\0076.jpg;1
C:\labs\ppr_lab5\dataset_folder\train\zebra\0077.jpg;1
C:\labs\ppr_lab5\dataset_folder\train\zebra\0080.jpg;1
C:\labs\ppr_lab5\dataset_folder\train\zebra\0081.jpg;1
C:\labs\ppr_lab5\dataset_folder\train\zebra\0082.jpg;1
C:\labs\ppr_lab5\dataset_folder\train\zebra\0083.jpg;1
C:\labs\ppr_lab5\dataset_folder\train\zebra\0084.jpg;1
C:\labs\ppr_lab5\dataset_folder\train\zebra\0085.jpg;1
C:\labs\ppr_lab5\dataset_folder\train\zebra\0086.jpg;1
C:\labs\ppr_lab5\dataset_folder\train\zebra\0089.jpg;1
C:\labs\ppr_lab5\dataset_folder\train\zebra\0090.jpg;1
C:\labs\ppr_lab5\dataset_folder\train\zebra\0092.jpg;1
C:\labs\ppr_lab5\dataset_folder\train\zebra\0094.jpg;1
C:\labs\ppr_lab5\dataset_folder\train\zebra\0095.jpg;1
C:\labs\ppr_lab5\dataset_folder\train\zebra\0096.jpg;1
C:\labs\ppr_lab5\dataset_folder\train\zebra\0097.jpg;1
C:\labs\ppr_lab5\dataset_folder\train\zebra\0098.jpg;1
C:\labs\ppr_lab5\dataset_folder\train\zebra\0099.jpg;1
C:\labs\ppr_lab5\dataset_folder\train\zebra\0100.jpg;1
C:\labs\ppr_lab5\dataset_folder\train\zebra\0101.jpg;1
C:\labs\ppr_lab5\dataset_folder\train\zebra\0102.jpg;1
C:\labs\ppr_lab5\dataset_folder\train\zebra\0103.jpg;1
C:\labs\ppr_lab5\dataset_folder\train\zebra\0104.jpg;1
C:\labs\ppr_lab5\dataset_folder\train\zebra\0105.jpg;1
C:\labs\ppr_lab5\dataset_folder\train\zebra\0106.jpg;1
C:\labs\ppr_lab5\dataset_folder\train\zebra\0108.jpg;1
C:\labs\ppr_lab5\dataset_folder\train\zebra\0109.jpg;1
C:\labs\ppr_lab5\dataset_folder\train\zebra\0110.jpg;1
C:\labs\ppr_lab5\dataset_folder\train\zebra\0111.jpg;1
C:\labs\ppr_lab5\dataset_folder\train\zebra\0112.jpg;1
C:\labs\ppr_lab5\dataset_folder\train\zebra\0113.jpg;1
C:\labs\ppr_lab5\dataset_folder\train\zebra\0114.jpg;1
C:\labs\ppr_lab5\dataset_folder\train\zebra\0115.jpg;1
C:\labs\ppr_lab5\dataset_folder\train\zebra\0116.jpg;1
C:\labs\ppr_lab5\dataset_folder\train\zebra\0117.jpg;1
C:\labs\ppr_lab5\dataset_folder\train\zebra\0119.jpg;1
C:\labs\ppr_lab5\dataset_folder\train\zebra\0120.jpg;1
C:\labs\ppr_lab5\dataset_folder\train\zebra\0121.jpg;1
C:\labs\ppr_lab5\dataset_folder\train\zebra\0122.jpg;1
C:\labs\ppr_lab5\dataset_folder\train\zebra\0123.jpg;1
C:\labs\ppr_lab5\dataset_folder\train\zebra\0124.jpg;1
C:\labs\ppr_lab5\dataset_folder\train\zebra\0126.jpg;1
C:\labs\ppr_lab5\dataset_folder\train\zebra\0127.jpg;1
C:\labs\ppr_lab5\dataset_folder\train\zebra\0129.jpg;1
C:\labs\ppr_lab5\dataset_folder\train\zebra\0130.jpg;1
C:\labs\ppr_lab5\dataset_folder\train\zebra\0131.jpg;1
C:\labs\ppr_lab5\dataset_folder\train\zebra\0133.jpg;1
C:\labs\ppr_lab5\dataset_folder\train\zebra\0134.jpg;1
C:\labs\ppr_lab5\dataset_folder\train\zebra\0135.jpg;1
C:\labs\ppr_lab5\dataset_folder\train\zebra\0136.jpg;1
C:\labs\ppr_lab5\dataset_folder\train\zebra\0137.jpg;1
C:\labs\ppr_lab5\dataset_folder\train\zebra\0138.jpg;1
C:\labs\ppr_lab5\dataset_folder\train\zebra\0139.jpg;1
C:\labs\ppr_lab5\dataset_folder\train\zebra\0142.jpg;1
C:\labs\ppr_lab5\dataset_folder\train\zebra\0143.jpg;1
C:\labs\ppr_lab5\dataset_folder\train\zebra\0144.jpg;1
C:\labs\ppr_lab5\dataset_folder\train\zebra\0146.jpg;1
C:\labs\ppr_lab5\dataset_folder\train\zebra\0147.jpg;1
C:\labs\ppr_lab5\dataset_folder\train\zebra\0148.jpg;1
C:\labs\ppr_lab5\dataset_folder\train\zebra\0149.jpg;1
C:\labs\ppr_lab5\dataset_folder\train\zebra\0151.jpg;1
C:\labs\ppr_lab5\dataset_folder\train\zebra\0152.jpg;1
C:\labs\ppr_lab5\dataset_folder\train\zebra\0154.jpg;1
C:\labs\ppr_lab5\dataset_folder\train\zebra\0155.jpg;1
C:\labs\ppr_lab5\dataset_folder\train\zebra\0156.jpg;1
C:\labs\ppr_lab5\dataset_folder\train\zebra\0157.jpg;1
C:\labs\ppr_lab5\dataset_folder\train\zebra\0159.jpg;1
C:\labs\ppr_lab5\dataset_folder\train\zebra\0160.jpg;1
C:\labs\ppr_lab5\dataset_folder\train\zebra\0161.jpg;1
C:\labs\ppr_lab5\dataset_folder\train\zebra\0162.jpg;1
C:\labs\ppr_lab5\dataset_folder\train\zebra\0163.jpg;1
C:\labs\ppr_lab5\dataset_folder\train\zebra\0164.jpg;1
C:\labs\ppr_lab5\dataset_folder\train\zebra\0165.jpg;1
C:\labs\ppr_lab5\dataset_folder\train\zebra\0166.jpg;1
C:\labs\ppr_lab5\dataset_folder\train\zebra\0167.jpg;1
C:\labs\ppr_lab5\dataset_folder\train\zebra\0168.jpg;1
C:\labs\ppr_lab5\dataset_folder\train\zebra\0169.jpg;1
C:\labs\ppr_lab5\dataset_folder\train\zebra\0171.jpg;1
C:\labs\ppr_lab5\dataset_folder\train\zebra\0172.jpg;1
C:\labs\ppr_lab5\dataset_folder\train\zebra\0174.jpg;1
C:\labs\ppr_lab5\dataset_folder\train\zebra\0175.jpg;1
C:\labs\ppr_lab5\dataset_folder\train\zebra\0176.jpg;1
C:\labs\ppr_lab5\dataset_folder\train\zebra\0178.jpg;1
C:\labs\ppr_lab5\dataset_folder\train\zebra\0179.jpg;1
C:\labs\ppr_lab5\dataset_folder\train\zebra\0180.jpg;1
C:\labs\ppr_lab5\dataset_folder\train\zebra\0181.jpg;1
C:\labs\ppr_lab5\dataset_folder\train\zebra\0182.jpg;1
C:\labs\ppr_lab5\dataset_folder\train\zebra\0183.jpg;1
C:\labs\ppr_lab5\dataset_folder\train\zebra\0184.jpg;1
C:\labs\ppr_lab5\dataset_folder\train\zebra\0185.jpg;1
C:\labs\ppr_lab5\dataset_folder\train\zebra\0186.jpg;1
C:\labs\ppr_lab5\dataset_folder\train\zebra\0187.jpg;1
C:\labs\ppr_lab5\dataset_folder\train\zebra\0188.jpg;1
C:\labs\ppr_lab5\dataset_folder\train\zebra\0190.jpg;1
C:\labs\ppr_lab5\dataset_folder\train\zebra\0191.jpg;1
C:\labs\ppr_lab5\dataset_folder\train\zebra\0192.jpg;1
C:\labs\ppr_lab5\dataset_folder\train\zebra\0193.jpg;1
C:\labs\ppr_lab5\dataset_folder\train\zebra\0194.jpg;1
C:\labs\ppr_lab5\dataset_folder\train\zebra\0195.jpg;1
C:\labs\ppr_lab5\dataset_folder\train\zebra\0196.jpg;1
C:\labs\ppr_lab5\dataset_folder\train\zebra\0197.jpg;1
C:\labs\ppr_lab5\dataset_folder\train\zebra\0198.jpg;1
C:\labs\ppr_lab5\dataset_folder\train\zebra\0200.jpg;1
C:\labs\ppr_lab5\dataset_folder\train\zebra\0201.jpg;1
C:\labs\ppr_lab5\dataset_folder\train\zebra\0202.jpg;1
C:\labs\ppr_lab5\dataset_folder\train\zebra\0203.jpg;1
C:\labs\ppr_lab5\dataset_folder\train\zebra\0205.jpg;1
C:\labs\ppr_lab5\dataset_folder\train\zebra\0206.jpg;1
C:\labs\ppr_lab5\dataset_folder\train\zebra\0207.jpg;1
C:\labs\ppr_lab5\dataset_folder\train\zebra\0208.jpg;1
C:\labs\ppr_lab5\dataset_folder\train\zebra\0209.jpg;1
C:\labs\ppr_lab5\dataset_folder\train\zebra\0210.jpg;1
C:\labs\ppr_lab5\dataset_folder\train\zebra\0211.jpg;1
C:\labs\ppr_lab5\dataset_folder\train\zebra\0212.jpg;1
C:\labs\ppr_lab5\dataset_folder\train\zebra\0213.jpg;1
C:\labs\ppr_lab5\dataset_folder\train\zebra\0214.jpg;1
C:\labs\ppr_lab5\dataset_folder\train\zebra\0215.jpg;1
C:\labs\ppr_lab5\dataset_folder\train\zebra\0216.jpg;1
C:\labs\ppr_lab5\dataset_folder\train\zebra\0217.jpg;1
C:\labs\ppr_lab5\dataset_folder\train\zebra\0219.jpg;1
C:\labs\ppr_lab5\dataset_folder\train\zebra\0220.jpg;1
C:\labs\ppr_lab5\dataset_folder\train\zebra\0221.jpg;1
C:\labs\ppr_lab5\dataset_folder\train\zebra\0222.jpg;1
C:\labs\ppr_lab5\dataset_folder\train\zebra\0223.jpg;1
C:\labs\ppr_lab5\dataset_folder\train\zebra\0224.jpg;1
C:\labs\ppr_lab5\dataset_folder\train\zebra\0225.jpg;1
C:\labs\ppr_lab5\dataset_folder\train\zebra\0226.jpg;1
C:\labs\ppr_lab5\dataset_folder\train\zebra\0227.jpg;1
C:\labs\ppr_lab5\dataset_folder\train\zebra\0228.jpg;1
C:\labs\ppr_lab5\dataset_folder\train\zebra\0230.jpg;1
C:\labs\ppr_lab5\dataset_folder\train\zebra\0231.jpg;1
C:\labs\ppr_lab5\dataset_folder\train\zebra\0232.jpg;1
C:\labs\ppr_lab5\dataset_folder\train\zebra\0233.jpg;1
C:\labs\ppr_lab5\dataset_folder\train\zebra\0234.jpg;1
C:\labs\ppr_lab5\dataset_folder\train\zebra\0235.jpg;1
C:\labs\ppr_lab5\dataset_folder\train\zebra\0236.jpg;1
C:\labs\ppr_lab5\dataset_folder\train\zebra\0237.jpg;1
C:\labs\ppr_lab5\dataset_folder\train\zebra\0238.jpg;1
C:\labs\ppr_lab5\dataset_folder\train\zebra\0239.jpg;1
C:\labs\ppr_lab5\dataset_folder\train\zebra\0241.jpg;1
C:\labs\ppr_lab5\dataset_folder\train\zebra\0242.jpg;1
C:\labs\ppr_lab5\dataset_folder\train\zebra\0245.jpg;1
C:\labs\ppr_lab5\dataset_folder\train\zebra\0246.jpg;1
C:\labs\ppr_lab5\dataset_folder\train\zebra\0247.jpg;1
C:\labs\ppr_lab5\dataset_folder\train\zebra\0249.jpg;1
C:\labs\ppr_lab5\dataset_folder\train\zebra\0250.jpg;1
C:\labs\ppr_lab5\dataset_folder\train\zebra\0251.jpg;1
C:\labs\ppr_lab5\dataset_folder\train\zebra\0252.jpg;1
C:\labs\ppr_lab5\dataset_folder\train\zebra\0253.jpg;1
C:\labs\ppr_lab5\dataset_folder\train\zebra\0255.jpg;1
C:\labs\ppr_lab5\dataset_folder\train\zebra\0256.jpg;1
C:\labs\ppr_lab5\dataset_folder\train\zebra\0257.jpg;1
C:\labs\ppr_lab5\dataset_folder\train\zebra\0260.jpg;1
C:\labs\ppr_lab5\dataset_folder\train\zebra\0261.jpg;1
C:\labs\ppr_lab5\dataset_folder\train\zebra\0263.jpg;1
C:\labs\ppr_lab5\dataset_folder\train\zebra\0264.jpg;1
C:\labs\ppr_lab5\dataset_folder\train\zebra\0265.jpg;1
C:\labs\ppr_lab5\dataset_folder\train\zebra\0269.jpg;1
C:\labs\ppr_lab5\dataset_folder\train\zebra\0271.jpg;1
C:\labs\ppr_lab5\dataset_folder\train\zebra\0272.jpg;1
C:\labs\ppr_lab5\dataset_folder\train\zebra\0273.jpg;1
C:\labs\ppr_lab5\dataset_folder\train\zebra\0274.jpg;1
C:\labs\ppr_lab5\dataset_folder\train\zebra\0275.jpg;1
C:\labs\ppr_lab5\dataset_folder\train\zebra\0277.jpg;1
C:\labs\ppr_lab5\dataset_folder\train\zebra\0278.jpg;1
C:\labs\ppr_lab5\dataset_folder\train\zebra\0279.jpg;1
C:\labs\ppr_lab5\dataset_folder\train\zebra\0281.jpg;1
C:\labs\ppr_lab5\dataset_folder\train\zebra\0282.jpg;1
C:\labs\ppr_lab5\dataset_folder\train\zebra\0283.jpg;1
C:\labs\ppr_lab5\dataset_folder\train\zebra\0284.jpg;1
C:\labs\ppr_lab5\dataset_folder\train\zebra\0286.jpg;1
C:\labs\ppr_lab5\dataset_folder\train\zebra\0287.jpg;1
C:\labs\ppr_lab5\dataset_folder\train\zebra\0288.jpg;1
C:\labs\ppr_lab5\dataset_folder\train\zebra\0289.jpg;1
C:\labs\ppr_lab5\dataset_folder\train\zebra\0291.jpg;1
C:\labs\ppr_lab5\dataset_folder\train\zebra\0292.jpg;1
C:\labs\ppr_lab5\dataset_folder\train\zebra\0293.jpg;1
C:\labs\ppr_lab5\dataset_folder\train\zebra\0294.jpg;1
C:\labs\ppr_lab5\dataset_folder\train\zebra\0295.jpg;1
C:\labs\ppr_lab5\dataset_folder\train\zebra\0296.jpg;1
C:\labs\ppr_lab5\dataset_folder\train\zebra\0297.jpg;1
C:\labs\ppr_lab5\dataset_folder\train\zebra\0298.jpg;1
C:\labs\ppr_lab5\dataset_folder\train\zebra\0304.jpg;1
C:\labs\ppr_lab5\dataset_folder\train\zebra\0305.jpg;1
C:\labs\ppr_lab5\dataset_folder\train\zebra\0306.jpg;1
C:\labs\ppr_lab5\dataset_folder\train\zebra\0307.jpg;1
C:\labs\ppr_lab5\dataset_folder\train\zebra\0308.jpg;1
C:\labs\ppr_lab5\dataset_folder\train\zebra\0309.jpg;1
C:\labs\ppr_lab5\dataset_folder\train\zebra\0310.jpg;1
C:\labs\ppr_lab5\dataset_folder\train\zebra\0311.jpg;1
C:\labs\ppr_lab5\dataset_folder\train\zebra\0312.jpg;1
C:\labs\ppr_lab5\dataset_folder\train\zebra\0313.jpg;1
C:\labs\ppr_lab5\dataset_folder\train\zebra\0314.jpg;1
C:\labs\ppr_lab5\dataset_folder\train\zebra\0315.jpg;1
C:\labs\ppr_lab5\dataset_folder\train\zebra\0316.jpg;1
C:\labs\ppr_lab5\dataset_folder\train\zebra\0318.jpg;1
C:\labs\ppr_lab5\dataset_folder\train\zebra\0319.jpg;1
C:\labs\ppr_lab5\dataset_folder\train\zebra\0322.jpg;1
C:\labs\ppr_lab5\dataset_folder\train\zebra\0323.jpg;1
C:\labs\ppr_lab5\dataset_folder\train\zebra\0324.jpg;1
C:\labs\ppr_lab5\dataset_folder\train\zebra\0325.jpg;1
C:\labs\ppr_lab5\dataset_folder\train\zebra\0326.jpg;1
C:\labs\ppr_lab5\dataset_folder\train\zebra\0328.jpg;1
C:\labs\ppr_lab5\dataset_folder\train\zebra\0329.jpg;1
C:\labs\ppr_lab5\dataset_folder\train\zebra\0331.jpg;1
C:\labs\ppr_lab5\dataset_folder\train\zebra\0332.jpg;1
C:\labs\ppr_lab5\dataset_folder\train\zebra\0333.jpg;1
C:\labs\ppr_lab5\dataset_folder\train\zebra\0334.jpg;1
C:\labs\ppr_lab5\dataset_folder\train\zebra\0335.jpg;1
C:\labs\ppr_lab5\dataset_folder\train\zebra\0337.jpg;1
C:\labs\ppr_lab5\dataset_folder\train\zebra\0338.jpg;1
C:\labs\ppr_lab5\dataset_folder\train\zebra\0339.jpg;1
C:\labs\ppr_lab5\dataset_folder\train\zebra\0340.jpg;1
C:\labs\ppr_lab5\dataset_folder\train\zebra\0341.jpg;1
C:\labs\ppr_lab5\dataset_folder\train\zebra\0343.jpg;1
C:\labs\ppr_lab5\dataset_folder\train\zebra\0344.jpg;1
C:\labs\ppr_lab5\dataset_folder\train\zebra\0345.jpg;1
C:\labs\ppr_lab5\dataset_folder\train\zebra\0346.jpg;1
C:\labs\ppr_lab5\dataset_folder\train\zebra\0347.jpg;1
C:\labs\ppr_lab5\dataset_folder\train\zebra\0348.jpg;1
C:\labs\ppr_lab5\dataset_folder\train\zebra\0349.jpg;1
C:\labs\ppr_lab5\dataset_folder\train\zebra\0350.jpg;1
C:\labs\ppr_lab5\dataset_folder\train\zebra\0351.jpg;1
C:\labs\ppr_lab5\dataset_folder\train\zebra\0352.jpg;1
C:\labs\ppr_lab5\dataset_folder\train\zebra\0354.jpg;1
C:\labs\ppr_lab5\dataset_folder\train\zebra\0355.jpg;1
C:\labs\ppr_lab5\dataset_folder\train\zebra\0356.jpg;1
C:\labs\ppr_lab5\dataset_folder\train\zebra\0357.jpg;1
C:\labs\ppr_lab5\dataset_folder\train\zebra\0358.jpg;1
C:\labs\ppr_lab5\dataset_folder\train\zebra\0360.jpg;1
C:\labs\ppr_lab5\dataset_folder\train\zebra\0362.jpg;1
C:\labs\ppr_lab5\dataset_folder\train\zebra\0363.jpg;1
C:\labs\ppr_lab5\dataset_folder\train\zebra\0364.jpg;1
C:\labs\ppr_lab5\dataset_folder\train\zebra\0365.jpg;1
C:\labs\ppr_lab5\dataset_folder\train\zebra\0366.jpg;1
C:\labs\ppr_lab5\dataset_folder\train\zebra\0368.jpg;1
C:\labs\ppr_lab5\dataset_folder\train\zebra\0369.jpg;1
C:\labs\ppr_lab5\dataset_folder\train\zebra\0370.jpg;1
C:\labs\ppr_lab5\dataset_folder\train\zebra\0371.jpg;1
C:\labs\ppr_lab5\dataset_folder\train\zebra\0372.jpg;1
C:\labs\ppr_lab5\dataset_folder\train\zebra\0374.jpg;1
C:\labs\ppr_lab5\dataset_folder\train\zebra\0375.jpg;1
C:\labs\ppr_lab5\dataset_folder\train\zebra\0376.jpg;1
C:\labs\ppr_lab5\dataset_folder\train\zebra\0377.jpg;1
C:\labs\ppr_lab5\dataset_folder\train\zebra\0378.jpg;1
C:\labs\ppr_lab5\dataset_folder\train\zebra\0379.jpg;1
C:\labs\ppr_lab5\dataset_folder\train\zebra\0381.jpg;1
C:\labs\ppr_lab5\dataset_folder\train\zebra\0382.jpg;1
C:\labs\ppr_lab5\dataset_folder\train\zebra\0384.jpg;1
C:\labs\ppr_lab5\dataset_folder\train\zebra\0385.jpg;1
C:\labs\ppr_lab5\dataset_folder\train\zebra\0386.jpg;1
C:\labs\ppr_lab5\dataset_folder\train\zebra\0387.jpg;1
C:\labs\ppr_lab5\dataset_folder\train\zebra\0388.jpg;1
C:\labs\ppr_lab5\dataset_folder\train\zebra\0390.jpg;1
C:\labs\ppr_lab5\dataset_folder\train\zebra\0391.jpg;1
C:\labs\ppr_lab5\dataset_folder\train\zebra\0392.jpg;1
C:\labs\ppr_lab5\dataset_folder\train\zebra\0393.jpg;1
C:\labs\ppr_lab5\dataset_folder\train\zebra\0394.jpg;1
C:\labs\ppr_lab5\dataset_folder\train\zebra\0396.jpg;1
C:\labs\ppr_lab5\dataset_folder\train\zebra\0397.jpg;1
C:\labs\ppr_lab5\dataset_folder\train\zebra\0399.jpg;1
C:\labs\ppr_lab5\dataset_folder\train\zebra\0400.jpg;1
C:\labs\ppr_lab5\dataset_folder\train\zebra\0401.jpg;1
C:\labs\ppr_lab5\dataset_folder\train\zebra\0403.jpg;1
C:\labs\ppr_lab5\dataset_folder\train\zebra\0404.jpg;1
C:\labs\ppr_lab5\dataset_folder\train\zebra\0405.jpg;1
C:\labs\ppr_lab5\dataset_folder\train\zebra\0406.jpg;1
C:\labs\ppr_lab5\dataset_folder\train\zebra\0407.jpg;1
C:\labs\ppr_lab5\dataset_folder\train\zebra\0408.jpg;1
C:\labs\ppr_lab5\dataset_folder\train\zebra\0409.jpg;1
C:\labs\ppr_lab5\dataset_folder\train\zebra\0410.jpg;1
C:\labs\ppr_lab5\dataset_folder\train\zebra\0411.jpg;1
C:\labs\ppr_lab5\dataset_folder\train\zebra\0412.jpg;1
C:\labs\ppr_lab5\dataset_folder\train\zebra\0413.jpg;1
C:\labs\ppr_lab5\dataset_folder\train\zebra\0416.jpg;1
C:\labs\ppr_lab5\dataset_folder\train\zebra\0418.jpg;1
C:\labs\ppr_lab5\dataset_folder\train\zebra\0419.jpg;1
C:\labs\ppr_lab5\dataset_folder\train\zebra\0420.jpg;1
C:\labs\ppr_lab5\dataset_folder\train\zebra\0421.jpg;1
C:\labs\ppr_lab5\dataset_folder\train\zebra\0422.jpg;1
C:\labs\ppr_lab5\dataset_folder\train\zebra\0423.jpg;1
C:\labs\ppr_lab5\dataset_folder\train\zebra\0425.jpg;1
C:\labs\ppr_lab5\dataset_folder\train\zebra\0426.jpg;1
C:\labs\ppr_lab5\dataset_folder\train\zebra\0427.jpg;1
C:\labs\ppr_lab5\dataset_folder\train\zebra\0428.jpg;1
C:\labs\ppr_lab5\dataset_folder\train\zebra\0429.jpg;1
C:\labs\ppr_lab5\dataset_folder\train\zebra\0430.jpg;1
C:\labs\ppr_lab5\dataset_folder\train\zebra\0431.jpg;1
C:\labs\ppr_lab5\dataset_folder\train\zebra\0432.jpg;1
C:\labs\ppr_lab5\dataset_folder\train\zebra\0434.jpg;1
C:\labs\ppr_lab5\dataset_folder\train\zebra\0435.jpg;1
C:\labs\ppr_lab5\dataset_folder\train\zebra\0436.jpg;1
C:\labs\ppr_lab5\dataset_folder\train\zebra\0437.jpg;1
C:\labs\ppr_lab5\dataset_folder\train\zebra\0439.jpg;1
C:\labs\ppr_lab5\dataset_folder\train\zebra\0441.jpg;1
C:\labs\ppr_lab5\dataset_folder\train\zebra\0442.jpg;1
C:\labs\ppr_lab5\dataset_folder\train\zebra\0443.jpg;1
C:\labs\ppr_lab5\dataset_folder\train\zebra\0445.jpg;1
C:\labs\ppr_lab5\dataset_folder\train\zebra\0446.jpg;1
C:\labs\ppr_lab5\dataset_folder\train\zebra\0448.jpg;1
C:\labs\ppr_lab5\dataset_folder\train\zebra\0449.jpg;1
C:\labs\ppr_lab5\dataset_folder\train\zebra\0450.jpg;1
C:\labs\ppr_lab5\dataset_folder\train\zebra\0453.jpg;1
C:\labs\ppr_lab5\dataset_folder\train\zebra\0454.jpg;1
C:\labs\ppr_lab5\dataset_folder\train\zebra\0455.jpg;1
C:\labs\ppr_lab5\dataset_folder\train\zebra\0457.jpg;1
C:\labs\ppr_lab5\dataset_folder\train\zebra\0458.jpg;1
C:\labs\ppr_lab5\dataset_folder\train\zebra\0459.jpg;1
C:\labs\ppr_lab5\dataset_folder\train\zebra\0462.jpg;1
C:\labs\ppr_lab5\dataset_folder\train\zebra\0463.jpg;1
C:\labs\ppr_lab5\dataset_folder\train\zebra\0464.jpg;1
C:\labs\ppr_lab5\dataset_folder\train\zebra\0465.jpg;1
C:\labs\ppr_lab5\dataset_folder\train\zebra\0466.jpg;1
C:\labs\ppr_lab5\dataset_folder\train\zebra\0467.jpg;1
C:\labs\ppr_lab5\dataset_folder\train\zebra\0468.jpg;1
C:\labs\ppr_lab5\dataset_folder\train\zebra\0469.jpg;1
C:\labs\ppr_lab5\dataset_folder\train\zebra\0470.jpg;1
C:\labs\ppr_lab5\dataset_folder\train\zebra\0471.jpg;1
C:\labs\ppr_lab5\dataset_folder\train\zebra\0473.jpg;1
C:\labs\ppr_lab5\dataset_folder\train\zebra\0474.jpg;1
C:\labs\ppr_lab5\dataset_folder\train\zebra\0475.jpg;1
C:\labs\ppr_lab5\dataset_folder\train\zebra\0476.jpg;1
C:\labs\ppr_lab5\dataset_folder\train\zebra\0477.jpg;1
C:\labs\ppr_lab5\dataset_folder\train\zebra\0478.jpg;1
C:\labs\ppr_lab5\dataset_folder\train\zebra\0480.jpg;1
C:\labs\ppr_lab5\dataset_folder\train\zebra\0481.jpg;1
C:\labs\ppr_lab5\dataset_folder\train\zebra\0483.jpg;1
C:\labs\ppr_lab5\dataset_folder\train\zebra\0484.jpg;1
C:\labs\ppr_lab5\dataset_folder\train\zebra\0485.jpg;1
C:\labs\ppr_lab5\dataset_folder\train\zebra\0487.jpg;1
C:\labs\ppr_lab5\dataset_folder\train\zebra\0488.jpg;1
C:\labs\ppr_lab5\dataset_folder\train\zebra\0489.jpg;1
C:\labs\ppr_lab5\dataset_folder\train\zebra\0491.jpg;1
C:\labs\ppr_lab5\dataset_folder\train\zebra\0492.jpg;1
C:\labs\ppr_lab5\dataset_folder\train\zebra\0493.jpg;1
C:\labs\ppr_lab5\dataset_folder\train\zebra\0494.jpg;1
C:\labs\ppr_lab5\dataset_folder\train\zebra\0495.jpg;1
C:\labs\ppr_lab5\dataset_folder\train\zebra\0496.jpg;1
C:\labs\ppr_lab5\dataset_folder\train\zebra\0497.jpg;1
C:\labs\ppr_lab5\dataset_folder\train\zebra\0498.jpg;1
C:\labs\ppr_lab5\dataset_folder\train\zebra\0499.jpg;1
C:\labs\ppr_lab5\dataset_folder\train\zebra\0501.jpg;1
C:\labs\ppr_lab5\dataset_folder\train\zebra\0502.jpg;1
C:\labs\ppr_lab5\dataset_folder\train\zebra\0503.jpg;1
C:\labs\ppr_lab5\dataset_folder\train\zebra\0504.jpg;1
C:\labs\ppr_lab5\dataset_folder\train\zebra\0505.jpg;1
C:\labs\ppr_lab5\dataset_folder\train\zebra\0506.jpg;1
C:\labs\ppr_lab5\dataset_folder\train\zebra\0507.jpg;1
C:\labs\ppr_lab5\dataset_folder\train\zebra\0508.jpg;1
C:\labs\ppr_lab5\dataset_folder\train\zebra\0509.jpg;1
C:\labs\ppr_lab5\dataset_folder\train\zebra\0510.jpg;1
C:\labs\ppr_lab5\dataset_folder\train\zebra\0511.jpg;1
C:\labs\ppr_lab5\dataset_folder\train\zebra\0512.jpg;1
C:\labs\ppr_lab5\dataset_folder\train\zebra\0513.jpg;1
C:\labs\ppr_lab5\dataset_folder\train\zebra\0515.jpg;1
C:\labs\ppr_lab5\dataset_folder\train\zebra\0516.jpg;1
C:\labs\ppr_lab5\dataset_folder\train\zebra\0517.jpg;1
C:\labs\ppr_lab5\dataset_folder\train\zebra\0520.jpg;1
C:\labs\ppr_lab5\dataset_folder\train\zebra\0521.jpg;1
C:\labs\ppr_lab5\dataset_folder\train\zebra\0522.jpg;1
C:\labs\ppr_lab5\dataset_folder\train\zebra\0523.jpg;1
C:\labs\ppr_lab5\dataset_folder\train\zebra\0524.jpg;1
C:\labs\ppr_lab5\dataset_folder\train\zebra\0526.jpg;1
C:\labs\ppr_lab5\dataset_folder\train\zebra\0527.jpg;1
C:\labs\ppr_lab5\dataset_folder\train\zebra\0528.jpg;1
C:\labs\ppr_lab5\dataset_folder\train\zebra\0531.jpg;1
C:\labs\ppr_lab5\dataset_folder\train\zebra\0533.jpg;1
C:\labs\ppr_lab5\dataset_folder\train\zebra\0534.jpg;1
C:\labs\ppr_lab5\dataset_folder\train\zebra\0535.jpg;1
C:\labs\ppr_lab5\dataset_folder\train\zebra\0539.jpg;1
C:\labs\ppr_lab5\dataset_folder\train\zebra\0540.jpg;1
C:\labs\ppr_lab5\dataset_folder\train\zebra\0541.jpg;1
C:\labs\ppr_lab5\dataset_folder\train\zebra\0542.jpg;1
C:\labs\ppr_lab5\dataset_folder\train\zebra\0543.jpg;1
C:\labs\ppr_lab5\dataset_folder\train\zebra\0544.jpg;1
C:\labs\ppr_lab5\dataset_folder\train\zebra\0545.jpg;1
C:\labs\ppr_lab5\dataset_folder\train\zebra\0546.jpg;1
C:\labs\ppr_lab5\dataset_folder\train\zebra\0548.jpg;1
C:\labs\ppr_lab5\dataset_folder\train\zebra\0549.jpg;1
C:\labs\ppr_lab5\dataset_folder\train\zebra\0551.jpg;1
C:\labs\ppr_lab5\dataset_folder\train\zebra\0552.jpg;1
C:\labs\ppr_lab5\dataset_folder\train\zebra\0553.jpg;1
C:\labs\ppr_lab5\dataset_folder\train\zebra\0554.jpg;1
C:\labs\ppr_lab5\dataset_folder\train\zebra\0555.jpg;1
C:\labs\ppr_lab5\dataset_folder\train\zebra\0556.jpg;1
C:\labs\ppr_lab5\dataset_folder\train\zebra\0557.jpg;1
C:\labs\ppr_lab5\dataset_folder\train\zebra\0559.jpg;1
C:\labs\ppr_lab5\dataset_folder\train\zebra\0561.jpg;1
C:\labs\ppr_lab5\dataset_folder\train\zebra\0562.jpg;1
C:\labs\ppr_lab5\dataset_folder\train\zebra\0563.jpg;1
C:\labs\ppr_lab5\dataset_folder\train\zebra\0565.jpg;1
C:\labs\ppr_lab5\dataset_folder\train\zebra\0566.jpg;1
C:\labs\ppr_lab5\dataset_folder\train\zebra\0567.jpg;1
C:\labs\ppr_lab5\dataset_folder\train\zebra\0568.jpg;1
C:\labs\ppr_lab5\dataset_folder\train\zebra\0569.jpg;1
C:\labs\ppr_lab5\dataset_folder\train\zebra\0570.jpg;1
C:\labs\ppr_lab5\dataset_folder\train\zebra\0571.jpg;1
C:\labs\ppr_lab5\dataset_folder\train\zebra\0572.jpg;1
C:\labs\ppr_lab5\dataset_folder\train\zebra\0574.jpg;1
C:\labs\ppr_lab5\dataset_folder\train\zebra\0575.jpg;1
C:\labs\ppr_lab5\dataset_folder\train\zebra\0576.jpg;1
C:\labs\ppr_lab5\dataset_folder\train\zebra\0577.jpg;1
C:\labs\ppr_lab5\dataset_folder\train\zebra\0578.jpg;1
C:\labs\ppr_lab5\dataset_folder\train\zebra\0579.jpg;1
C:\labs\ppr_lab5\dataset_folder\train\zebra\0580.jpg;1
C:\labs\ppr_lab5\dataset_folder\train\zebra\0581.jpg;1
C:\labs\ppr_lab5\dataset_folder\train\zebra\0582.jpg;1
C:\labs\ppr_lab5\dataset_folder\train\zebra\0583.jpg;1
C:\labs\ppr_lab5\dataset_folder\train\zebra\0584.jpg;1
C:\labs\ppr_lab5\dataset_folder\train\zebra\0585.jpg;1
C:\labs\ppr_lab5\dataset_folder\train\zebra\0586.jpg;1
C:\labs\ppr_lab5\dataset_folder\train\zebra\0589.jpg;1
C:\labs\ppr_lab5\dataset_folder\train\zebra\0590.jpg;1
C:\labs\ppr_lab5\dataset_folder\train\zebra\0591.jpg;1
C:\labs\ppr_lab5\dataset_folder\train\zebra\0593.jpg;1
C:\labs\ppr_lab5\dataset_folder\train\zebra\0594.jpg;1
C:\labs\ppr_lab5\dataset_folder\train\zebra\0596.jpg;1
C:\labs\ppr_lab5\dataset_folder\train\zebra\0598.jpg;1
C:\labs\ppr_lab5\dataset_folder\train\zebra\0601.jpg;1
C:\labs\ppr_lab5\dataset_folder\train\zebra\0602.jpg;1
C:\labs\ppr_lab5\dataset_folder\train\zebra\0605.jpg;1
C:\labs\ppr_lab5\dataset_folder\train\zebra\0606.jpg;1
C:\labs\ppr_lab5\dataset_folder\train\zebra\0608.jpg;1
C:\labs\ppr_lab5\dataset_folder\train\zebra\0609.jpg;1
C:\labs\ppr_lab5\dataset_folder\train\zebra\0610.jpg;1
C:\labs\ppr_lab5\dataset_folder\train\zebra\0611.jpg;1
C:\labs\ppr_lab5\dataset_folder\train\zebra\0612.jpg;1
C:\labs\ppr_lab5\dataset_folder\train\zebra\0613.jpg;1
C:\labs\ppr_lab5\dataset_folder\train\zebra\0614.jpg;1
C:\labs\ppr_lab5\dataset_folder\train\zebra\0615.jpg;1
C:\labs\ppr_lab5\dataset_folder\train\zebra\0616.jpg;1
C:\labs\ppr_lab5\dataset_folder\train\zebra\0618.jpg;1
C:\labs\ppr_lab5\dataset_folder\train\zebra\0619.jpg;1
C:\labs\ppr_lab5\dataset_folder\train\zebra\0620.jpg;1
C:\labs\ppr_lab5\dataset_folder\train\zebra\0622.jpg;1
C:\labs\ppr_lab5\dataset_folder\train\zebra\0623.jpg;1
C:\labs\ppr_lab5\dataset_folder\train\zebra\0624.jpg;1
C:\labs\ppr_lab5\dataset_folder\train\zebra\0625.jpg;1
C:\labs\ppr_lab5\dataset_folder\train\zebra\0626.jpg;1
C:\labs\ppr_lab5\dataset_folder\train\zebra\0629.jpg;1
C:\labs\ppr_lab5\dataset_folder\train\zebra\0631.jpg;1
C:\labs\ppr_lab5\dataset_folder\train\zebra\0632.jpg;1
C:\labs\ppr_lab5\dataset_folder\train\zebra\0633.jpg;1
C:\labs\ppr_lab5\dataset_folder\train\zebra\0634.jpg;1
C:\labs\ppr_lab5\dataset_folder\train\zebra\0637.jpg;1
C:\labs\ppr_lab5\dataset_folder\train\zebra\0638.jpg;1
C:\labs\ppr_lab5\dataset_folder\train\zebra\0639.jpg;1
C:\labs\ppr_lab5\dataset_folder\train\zebra\0640.jpg;1
C:\labs\ppr_lab5\dataset_folder\train\zebra\0641.jpg;1
C:\labs\ppr_lab5\dataset_folder\train\zebra\0643.jpg;1
C:\labs\ppr_lab5\dataset_folder\train\zebra\0644.jpg;1
C:\labs\ppr_lab5\dataset_folder\train\zebra\0645.jpg;1
C:\labs\ppr_lab5\dataset_folder\train\zebra\0646.jpg;1
C:\labs\ppr_lab5\dataset_folder\train\zebra\0647.jpg;1
C:\labs\ppr_lab5\dataset_folder\train\zebra\0648.jpg;1
C:\labs\ppr_lab5\dataset_folder\train\zebra\0650.jpg;1
C:\labs\ppr_lab5\dataset_folder\train\zebra\0651.jpg;1
C:\labs\ppr_lab5\dataset_folder\train\zebra\0652.jpg;1
C:\labs\ppr_lab5\dataset_folder\train\zebra\0653.jpg;1
C:\labs\ppr_lab5\dataset_folder\train\zebra\0655.jpg;1
C:\labs\ppr_lab5\dataset_folder\train\zebra\0656.jpg;1
C:\labs\ppr_lab5\dataset_folder\train\zebra\0657.jpg;1
C:\labs\ppr_lab5\dataset_folder\train\zebra\0658.jpg;1
C:\labs\ppr_lab5\dataset_folder\train\zebra\0659.jpg;1
C:\labs\ppr_lab5\dataset_folder\train\zebra\0660.jpg;1
C:\labs\ppr_lab5\dataset_folder\train\zebra\0661.jpg;1
C:\labs\ppr_lab5\dataset_folder\train\zebra\0662.jpg;1
C:\labs\ppr_lab5\dataset_folder\train\zebra\0663.jpg;1
C:\labs\ppr_lab5\dataset_folder\train\zebra\0664.jpg;1
C:\labs\ppr_lab5\dataset_folder\train\zebra\0665.jpg;1
C:\labs\ppr_lab5\dataset_folder\train\zebra\0666.jpg;1
C:\labs\ppr_lab5\dataset_folder\train\zebra\0667.jpg;1
C:\labs\ppr_lab5\dataset_folder\train\zebra\0668.jpg;1
C:\labs\ppr_lab5\dataset_folder\train\zebra\0669.jpg;1
C:\labs\ppr_lab5\dataset_folder\train\zebra\0670.jpg;1
C:\labs\ppr_lab5\dataset_folder\train\zebra\0671.jpg;1
C:\labs\ppr_lab5\dataset_folder\train\zebra\0672.jpg;1
C:\labs\ppr_lab5\dataset_folder\train\zebra\0673.jpg;1
C:\labs\ppr_lab5\dataset_folder\train\zebra\0674.jpg;1
C:\labs\ppr_lab5\dataset_folder\train\zebra\0675.jpg;1
C:\labs\ppr_lab5\dataset_folder\train\zebra\0676.jpg;1
C:\labs\ppr_lab5\dataset_folder\train\zebra\0677.jpg;1
C:\labs\ppr_lab5\dataset_folder\train\zebra\0678.jpg;1
C:\labs\ppr_lab5\dataset_folder\train\zebra\0679.jpg;1
C:\labs\ppr_lab5\dataset_folder\train\zebra\0680.jpg;1
C:\labs\ppr_lab5\dataset_folder\train\zebra\0683.jpg;1
C:\labs\ppr_lab5\dataset_folder\train\zebra\0684.jpg;1
C:\labs\ppr_lab5\dataset_folder\train\zebra\0686.jpg;1
C:\labs\ppr_lab5\dataset_folder\train\zebra\0687.jpg;1
C:\labs\ppr_lab5\dataset_folder\train\zebra\0688.jpg;1
C:\labs\ppr_lab5\dataset_folder\train\zebra\0689.jpg;1
C:\labs\ppr_lab5\dataset_folder\train\zebra\0690.jpg;1
C:\labs\ppr_lab5\dataset_folder\train\zebra\0691.jpg;1
C:\labs\ppr_lab5\dataset_folder\train\zebra\0692.jpg;1
C:\labs\ppr_lab5\dataset_folder\train\zebra\0693.jpg;1
C:\labs\ppr_lab5\dataset_folder\train\zebra\0694.jpg;1
C:\labs\ppr_lab5\dataset_folder\train\zebra\0695.jpg;1
C:\labs\ppr_lab5\dataset_folder\train\zebra\0696.jpg;1
C:\labs\ppr_lab5\dataset_folder\train\zebra\0698.jpg;1
C:\labs\ppr_lab5\dataset_folder\train\zebra\0700.jpg;1
C:\labs\ppr_lab5\dataset_folder\train\zebra\0701.jpg;1
C:\labs\ppr_lab5\dataset_folder\train\zebra\0703.jpg;1
C:\labs\ppr_lab5\dataset_folder\train\zebra\0704.jpg;1
C:\labs\ppr_lab5\dataset_folder\train\zebra\0705.jpg;1
C:\labs\ppr_lab5\dataset_folder\train\zebra\0706.jpg;1
C:\labs\ppr_lab5\dataset_folder\train\zebra\0707.jpg;1
C:\labs\ppr_lab5\dataset_folder\train\zebra\0709.jpg;1
C:\labs\ppr_lab5\dataset_folder\train\zebra\0710.jpg;1
C:\labs\ppr_lab5\dataset_folder\train\zebra\0712.jpg;1
C:\labs\ppr_lab5\dataset_folder\train\zebra\0713.jpg;1
C:\labs\ppr_lab5\dataset_folder\train\zebra\0714.jpg;1
C:\labs\ppr_lab5\dataset_folder\train\zebra\0715.jpg;1
C:\labs\ppr_lab5\dataset_folder\train\zebra\0716.jpg;1
C:\labs\ppr_lab5\dataset_folder\train\zebra\0717.jpg;1
C:\labs\ppr_lab5\dataset_folder\train\zebra\0719.jpg;1
C:\labs\ppr_lab5\dataset_folder\train\zebra\0720.jpg;1
C:\labs\ppr_lab5\dataset_folder\train\zebra\0721.jpg;1
C:\labs\ppr_lab5\dataset_folder\train\zebra\0722.jpg;1
C:\labs\ppr_lab5\dataset_folder\train\zebra\0723.jpg;1
C:\labs\ppr_lab5\dataset_folder\train\zebra\0724.jpg;1
C:\labs\ppr_lab5\dataset_folder\train\zebra\0725.jpg;1
C:\labs\ppr_lab5\dataset_folder\train\zebra\0726.jpg;1
C:\labs\ppr_lab5\dataset_folder\train\zebra\0727.jpg;1
C:\labs\ppr_lab5\dataset_folder\train\zebra\0730.jpg;1
C:\labs\ppr_lab5\dataset_folder\train\zebra\0731.jpg;1
C:\labs\ppr_lab5\dataset_folder\train\zebra\0732.jpg;1
C:\labs\ppr_lab5\dataset_folder\train\zebra\0733.jpg;1
C:\labs\ppr_lab5\dataset_folder\train\zebra\0734.jpg;1
C:\labs\ppr_lab5\dataset_folder\train\zebra\0736.jpg;1
C:\labs\ppr_lab5\dataset_folder\train\zebra\0737.jpg;1
C:\labs\ppr_lab5\dataset_folder\train\zebra\0738.jpg;1
C:\labs\ppr_lab5\dataset_folder\train\zebra\0740.jpg;1
C:\labs\ppr_lab5\dataset_folder\train\zebra\0741.jpg;1
C:\labs\ppr_lab5\dataset_folder\train\zebra\0742.jpg;1
C:\labs\ppr_lab5\dataset_folder\train\zebra\0743.jpg;1
C:\labs\ppr_lab5\dataset_folder\train\zebra\0744.jpg;1
C:\labs\ppr_lab5\dataset_folder\train\zebra\0746.jpg;1
C:\labs\ppr_lab5\dataset_folder\train\zebra\0747.jpg;1
C:\labs\ppr_lab5\dataset_folder\train\zebra\0748.jpg;1
C:\labs\ppr_lab5\dataset_folder\train\zebra\0749.jpg;1
C:\labs\ppr_lab5\dataset_folder\train\zebra\0751.jpg;1
C:\labs\ppr_lab5\dataset_folder\train\zebra\0752.jpg;1
C:\labs\ppr_lab5\dataset_folder\train\zebra\0753.jpg;1
C:\labs\ppr_lab5\dataset_folder\train\zebra\0755.jpg;1
C:\labs\ppr_lab5\dataset_folder\train\zebra\0756.jpg;1
C:\labs\ppr_lab5\dataset_folder\train\zebra\0758.jpg;1
C:\labs\ppr_lab5\dataset_folder\train\zebra\0759.jpg;1
C:\labs\ppr_lab5\dataset_folder\train\zebra\0761.jpg;1
C:\labs\ppr_lab5\dataset_folder\train\zebra\0762.jpg;1
C:\labs\ppr_lab5\dataset_folder\train\zebra\0763.jpg;1
C:\labs\ppr_lab5\dataset_folder\train\zebra\0764.jpg;1
C:\labs\ppr_lab5\dataset_folder\train\zebra\0765.jpg;1
C:\labs\ppr_lab5\dataset_folder\train\zebra\0766.jpg;1
C:\labs\ppr_lab5\dataset_folder\train\zebra\0768.jpg;1
C:\labs\ppr_lab5\dataset_folder\train\zebra\0769.jpg;1
C:\labs\ppr_lab5\dataset_folder\train\zebra\0771.jpg;1
C:\labs\ppr_lab5\dataset_folder\train\zebra\0772.jpg;1
C:\labs\ppr_lab5\dataset_folder\train\zebra\0773.jpg;1
C:\labs\ppr_lab5\dataset_folder\train\zebra\0774.jpg;1
C:\labs\ppr_lab5\dataset_folder\train\zebra\0775.jpg;1
C:\labs\ppr_lab5\dataset_folder\train\zebra\0776.jpg;1
C:\labs\ppr_lab5\dataset_folder\train\zebra\0777.jpg;1
C:\labs\ppr_lab5\dataset_folder\train\zebra\0778.jpg;1
C:\labs\ppr_lab5\dataset_folder\train\zebra\0779.jpg;1
C:\labs\ppr_lab5\dataset_folder\train\zebra\0780.jpg;1
C:\labs\ppr_lab5\dataset_folder\train\zebra\0782.jpg;1
C:\labs\ppr_lab5\dataset_folder\train\zebra\0783.jpg;1
C:\labs\ppr_lab5\dataset_folder\train\zebra\0784.jpg;1
C:\labs\ppr_lab5\dataset_folder\train\zebra\0785.jpg;1
C:\labs\ppr_lab5\dataset_folder\train\zebra\0786.jpg;1
C:\labs\ppr_lab5\dataset_folder\train\zebra\0787.jpg;1
C:\labs\ppr_lab5\dataset_folder\train\zebra\0788.jpg;1
C:\labs\ppr_lab5\dataset_folder\train\zebra\0789.jpg;1
C:\labs\ppr_lab5\dataset_folder\train\zebra\0790.jpg;1
C:\labs\ppr_lab5\dataset_folder\train\zebra\0791.jpg;1
C:\labs\ppr_lab5\dataset_folder\train\zebra\0792.jpg;1
C:\labs\ppr_lab5\dataset_folder\train\zebra\0793.jpg;1
C:\labs\ppr_lab5\dataset_folder\train\zebra\0794.jpg;1
C:\labs\ppr_lab5\dataset_folder\train\zebra\0796.jpg;1
C:\labs\ppr_lab5\dataset_folder\train\zebra\0797.jpg;1
C:\labs\ppr_lab5\dataset_folder\train\zebra\0799.jpg;1
C:\labs\ppr_lab5\dataset_folder\train\zebra\0800.jpg;1
C:\labs\ppr_lab5\dataset_folder\train\zebra\0801.jpg;1
C:\labs\ppr_lab5\dataset_folder\train\zebra\0802.jpg;1
C:\labs\ppr_lab5\dataset_folder\train\zebra\0803.jpg;1
C:\labs\ppr_lab5\dataset_folder\train\zebra\0804.jpg;1
C:\labs\ppr_lab5\dataset_folder\train\zebra\0806.jpg;1
C:\labs\ppr_lab5\dataset_folder\train\zebra\0807.jpg;1
C:\labs\ppr_lab5\dataset_folder\train\zebra\0808.jpg;1
C:\labs\ppr_lab5\dataset_folder\train\zebra\0809.jpg;1
C:\labs\ppr_lab5\dataset_folder\train\zebra\0811.jpg;1
C:\labs\ppr_lab5\dataset_folder\train\zebra\0812.jpg;1
C:\labs\ppr_lab5\dataset_folder\train\zebra\0813.jpg;1
C:\labs\ppr_lab5\dataset_folder\train\zebra\0815.jpg;1
C:\labs\ppr_lab5\dataset_folder\train\zebra\0816.jpg;1
C:\labs\ppr_lab5\dataset_folder\train\zebra\0817.jpg;1
C:\labs\ppr_lab5\dataset_folder\train\zebra\0818.jpg;1
C:\labs\ppr_lab5\dataset_folder\train\zebra\0819.jpg;1
C:\labs\ppr_lab5\dataset_folder\train\zebra\0820.jpg;1
C:\labs\ppr_lab5\dataset_folder\train\zebra\0823.jpg;1
C:\labs\ppr_lab5\dataset_folder\train\zebra\0824.jpg;1
C:\labs\ppr_lab5\dataset_folder\train\zebra\0825.jpg;1
C:\labs\ppr_lab5\dataset_folder\train\zebra\0826.jpg;1
C:\labs\ppr_lab5\dataset_folder\train\zebra\0827.jpg;1
C:\labs\ppr_lab5\dataset_folder\train\zebra\0828.jpg;1
C:\labs\ppr_lab5\dataset_folder\train\zebra\0829.jpg;1
C:\labs\ppr_lab5\dataset_folder\train\zebra\0830.jpg;1
C:\labs\ppr_lab5\dataset_folder\train\zebra\0831.jpg;1
C:\labs\ppr_lab5\dataset_folder\train\zebra\0832.jpg;1
C:\labs\ppr_lab5\dataset_folder\train\zebra\0833.jpg;1
C:\labs\ppr_lab5\dataset_folder\train\zebra\0834.jpg;1
C:\labs\ppr_lab5\dataset_folder\train\zebra\0836.jpg;1
C:\labs\ppr_lab5\dataset_folder\train\zebra\0837.jpg;1
C:\labs\ppr_lab5\dataset_folder\train\zebra\0838.jpg;1
C:\labs\ppr_lab5\dataset_folder\train\zebra\0839.jpg;1
C:\labs\ppr_lab5\dataset_folder\train\zebra\0840.jpg;1
C:\labs\ppr_lab5\dataset_folder\train\zebra\0842.jpg;1
C:\labs\ppr_lab5\dataset_folder\train\zebra\0843.jpg;1
C:\labs\ppr_lab5\dataset_folder\train\zebra\0844.jpg;1
C:\labs\ppr_lab5\dataset_folder\train\zebra\0845.jpg;1
C:\labs\ppr_lab5\dataset_folder\train\zebra\0848.jpg;1
C:\labs\ppr_lab5\dataset_folder\train\zebra\0849.jpg;1
C:\labs\ppr_lab5\dataset_folder\train\zebra\0850.jpg;1
C:\labs\ppr_lab5\dataset_folder\train\zebra\0851.jpg;1
C:\labs\ppr_lab5\dataset_folder\train\zebra\0852.jpg;1
C:\labs\ppr_lab5\dataset_folder\train\zebra\0853.jpg;1
C:\labs\ppr_lab5\dataset_folder\train\zebra\0854.jpg;1
C:\labs\ppr_lab5\dataset_folder\train\zebra\0855.jpg;1
C:\labs\ppr_lab5\dataset_folder\train\zebra\0856.jpg;1
C:\labs\ppr_lab5\dataset_folder\train\zebra\0857.jpg;1
C:\labs\ppr_lab5\dataset_folder\train\zebra\0858.jpg;1
C:\labs\ppr_lab5\dataset_folder\train\zebra\0860.jpg;1
C:\labs\ppr_lab5\dataset_folder\train\zebra\0861.jpg;1
C:\labs\ppr_lab5\dataset_folder\train\zebra\0862.jpg;1
C:\labs\ppr_lab5\dataset_folder\train\zebra\0863.jpg;1
C:\labs\ppr_lab5\dataset_folder\train\zebra\0864.jpg;1
C:\labs\ppr_lab5\dataset_folder\train\zebra\0865.jpg;1
C:\labs\ppr_lab5\dataset_folder\train\zebra\0866.jpg;1
C:\labs\ppr_lab5\dataset_folder\train\zebra\0867.jpg;1
C:\labs\ppr_lab5\dataset_folder\train\zebra\0869.jpg;1
C:\labs\ppr_lab5\dataset_folder\train\zebra\0872.jpg;1
C:\labs\ppr_lab5\dataset_folder\train\zebra\0873.jpg;1
C:\labs\ppr_lab5\dataset_folder\train\zebra\0874.jpg;1
C:\labs\ppr_lab5\dataset_folder\train\zebra\0875.jpg;1
C:\labs\ppr_lab5\dataset_folder\train\zebra\0877.jpg;1
C:\labs\ppr_lab5\dataset_folder\train\zebra\0882.jpg;1
C:\labs\ppr_lab5\dataset_folder\train\zebra\0884.jpg;1
C:\labs\ppr_lab5\dataset_folder\train\zebra\0885.jpg;1
C:\labs\ppr_lab5\dataset_folder\train\zebra\0886.jpg;1
C:\labs\ppr_lab5\dataset_folder\train\zebra\0887.jpg;1
C:\labs\ppr_lab5\dataset_folder\train\zebra\0889.jpg;1
C:\labs\ppr_lab5\dataset_folder\train\zebra\0891.jpg;1
C:\labs\ppr_lab5\dataset_folder\train\zebra\0892.jpg;1
C:\labs\ppr_lab5\dataset_folder\train\zebra\0893.jpg;1
C:\labs\ppr_lab5\dataset_folder\train\zebra\0895.jpg;1
C:\labs\ppr_lab5\dataset_folder\train\zebra\0896.jpg;1
C:\labs\ppr_lab5\dataset_folder\train\zebra\0898.jpg;1
C:\labs\ppr_lab5\dataset_folder\train\zebra\0899.jpg;1
C:\labs\ppr_lab5\dataset_folder\train\zebra\0902.jpg;1
C:\labs\ppr_lab5\dataset_folder\train\zebra\0903.jpg;1
C:\labs\ppr_lab5\dataset_folder\train\zebra\0904.jpg;1
C:\labs\ppr_lab5\dataset_folder\train\zebra\0905.jpg;1
C:\labs\ppr_lab5\dataset_folder\train\zebra\0906.jpg;1
C:\labs\ppr_lab5\dataset_folder\train\zebra\0907.jpg;1
C:\labs\ppr_lab5\dataset_folder\train\zebra\0909.jpg;1
C:\labs\ppr_lab5\dataset_folder\train\zebra\0910.jpg;1
C:\labs\ppr_lab5\dataset_folder\train\zebra\0912.jpg;1
C:\labs\ppr_lab5\dataset_folder\train\zebra\0913.jpg;1
C:\labs\ppr_lab5\dataset_folder\train\zebra\0915.jpg;1
C:\labs\ppr_lab5\dataset_folder\train\zebra\0917.jpg;1
C:\labs\ppr_lab5\dataset_folder\train\zebra\0921.jpg;1
C:\labs\ppr_lab5\dataset_folder\train\zebra\0922.jpg;1
C:\labs\ppr_lab5\dataset_folder\train\zebra\0924.jpg;1
C:\labs\ppr_lab5\dataset_folder\train\zebra\0925.jpg;1
C:\labs\ppr_lab5\dataset_folder\train\zebra\0926.jpg;1
C:\labs\ppr_lab5\dataset_folder\train\zebra\0927.jpg;1
C:\labs\ppr_lab5\dataset_folder\train\zebra\0928.jpg;1
C:\labs\ppr_lab5\dataset_folder\train\zebra\0929.jpg;1
C:\labs\ppr_lab5\dataset_folder\train\zebra\0930.jpg;1
C:\labs\ppr_lab5\dataset_folder\train\zebra\0931.jpg;1
C:\labs\ppr_lab5\dataset_folder\train\zebra\0932.jpg;1
C:\labs\ppr_lab5\dataset_folder\train\zebra\0933.jpg;1
C:\labs\ppr_lab5\dataset_folder\train\zebra\0935.jpg;1
C:\labs\ppr_lab5\dataset_folder\train\zebra\0936.jpg;1
C:\labs\ppr_lab5\dataset_folder\train\zebra\0937.jpg;1
C:\labs\ppr_lab5\dataset_folder\train\zebra\0938.jpg;1
C:\labs\ppr_lab5\dataset_folder\train\zebra\0939.jpg;1
C:\labs\ppr_lab5\dataset_folder\train\zebra\0941.jpg;1
C:\labs\ppr_lab5\dataset_folder\train\zebra\0944.jpg;1
C:\labs\ppr_lab5\dataset_folder\train\zebra\0945.jpg;1
C:\labs\ppr_lab5\dataset_folder\train\zebra\0946.jpg;1
C:\labs\ppr_lab5\dataset_folder\train\zebra\0947.jpg;1
C:\labs\ppr_lab5\dataset_folder\train\zebra\0948.jpg;1
C:\labs\ppr_lab5\dataset_folder\train\zebra\0950.jpg;1
C:\labs\ppr_lab5\dataset_folder\train\zebra\0951.jpg;1
C:\labs\ppr_lab5\dataset_folder\train\zebra\0952.jpg;1
C:\labs\ppr_lab5\dataset_folder\train\zebra\0953.jpg;1
C:\labs\ppr_lab5\dataset_folder\train\zebra\0955.jpg;1
C:\labs\ppr_lab5\dataset_folder\train\zebra\0956.jpg;1
C:\labs\ppr_lab5\dataset_folder\train\zebra\0958.jpg;1
C:\labs\ppr_lab5\dataset_folder\train\zebra\0959.jpg;1
C:\labs\ppr_lab5\dataset_folder\train\zebra\0960.jpg;1
C:\labs\ppr_lab5\dataset_folder\train\zebra\0961.jpg;1
C:\labs\ppr_lab5\dataset_folder\train\zebra\0963.jpg;1
C:\labs\ppr_lab5\dataset_folder\train\zebra\0964.jpg;1
C:\labs\ppr_lab5\dataset_folder\train\zebra\0965.jpg;1
C:\labs\ppr_lab5\dataset_folder\train\zebra\0966.jpg;1
C:\labs\ppr_lab5\dataset_folder\train\zebra\0967.jpg;1
C:\labs\ppr_lab5\dataset_folder\train\zebra\0968.jpg;1
C:\labs\ppr_lab5\dataset_folder\train\zebra\0969.jpg;1
C:\labs\ppr_lab5\dataset_folder\train\zebra\0970.jpg;1
C:\labs\ppr_lab5\dataset_folder\train\zebra\0972.jpg;1
C:\labs\ppr_lab5\dataset_folder\train\zebra\0973.jpg;1
C:\labs\ppr_lab5\dataset_folder\train\zebra\0974.jpg;1
C:\labs\ppr_lab5\dataset_folder\train\zebra\0975.jpg;1
C:\labs\ppr_lab5\dataset_folder\train\zebra\0976.jpg;1
C:\labs\ppr_lab5\dataset_folder\train\zebra\0977.jpg;1
C:\labs\ppr_lab5\dataset_folder\train\zebra\0978.jpg;1
C:\labs\ppr_lab5\dataset_folder\train\zebra\0979.jpg;1
C:\labs\ppr_lab5\dataset_folder\train\zebra\0980.jpg;1
C:\labs\ppr_lab5\dataset_folder\train\zebra\0981.jpg;1
C:\labs\ppr_lab5\dataset_folder\train\zebra\0982.jpg;1
C:\labs\ppr_lab5\dataset_folder\train\zebra\0983.jpg;1
C:\labs\ppr_lab5\dataset_folder\train\zebra\0985.jpg;1
C:\labs\ppr_lab5\dataset_folder\train\zebra\0986.jpg;1
C:\labs\ppr_lab5\dataset_folder\train\zebra\0987.jpg;1
C:\labs\ppr_lab5\dataset_folder\train\zebra\0988.jpg;1
C:\labs\ppr_lab5\dataset_folder\train\zebra\0989.jpg;1
C:\labs\ppr_lab5\dataset_folder\train\zebra\0991.jpg;1
C:\labs\ppr_lab5\dataset_folder\train\zebra\0992.jpg;1
C:\labs\ppr_lab5\dataset_folder\train\zebra\0993.jpg;1
C:\labs\ppr_lab5\dataset_folder\train\zebra\0994.jpg;1
C:\labs\ppr_lab5\dataset_folder\train\zebra\0995.jpg;1
C:\labs\ppr_lab5\dataset_folder\train\zebra\0997.jpg;1
C:\labs\ppr_lab5\dataset_folder\train\zebra\0998.jpg;1
C:\labs\ppr_lab5\dataset_folder\train\zebra\0999.jpg;1
C:\labs\ppr_lab5\dataset_folder\train\zebra\1000.jpg;1
C:\labs\ppr_lab5\dataset_folder\train\zebra\1001.jpg;1
C:\labs\ppr_lab5\dataset_folder\train\zebra\1002.jpg;1
C:\labs\ppr_lab5\dataset_folder\train\zebra\1003.jpg;1
C:\labs\ppr_lab5\dataset_folder\train\zebra\1004.jpg;1
C:\labs\ppr_lab5\dataset_folder\train\zebra\1006.jpg;1
C:\labs\ppr_lab5\dataset_folder\train\zebra\1007.jpg;1
C:\labs\ppr_lab5\dataset_folder\train\zebra\1008.jpg;1
C:\labs\ppr_lab5\dataset_folder\train\zebra\1009.jpg;1
C:\labs\ppr_lab5\dataset_folder\train\zebra\1010.jpg;1
C:\labs\ppr_lab5\dataset_folder\train\zebra\1011.jpg;1
C:\labs\ppr_lab5\dataset_folder\train\zebra\1012.jpg;1
C:\labs\ppr_lab5\dataset_folder\train\zebra\1014.jpg;1
C:\labs\ppr_lab5\dataset_folder\train\zebra\1015.jpg;1
C:\labs\ppr_lab5\dataset_folder\train\zebra\1017.jpg;1
C:\labs\ppr_lab5\dataset_folder\train\zebra\1018.jpg;1
C:\labs\ppr_lab5\dataset_folder\train\bayhorse\0000.jpg;0
C:\labs\ppr_lab5\dataset_folder\train\bayhorse\0001.jpg;0
C:\labs\ppr_lab5\dataset_folder\train\bayhorse\0002.jpg;0
C:\labs\ppr_lab5\dataset_folder\train\bayhorse\0003.jpg;0
C:\labs\ppr_lab5\dataset_folder\train\bayhorse\0007.jpg;0
C:\labs\ppr_lab5\dataset_folder\train\bayhorse\0009.jpg;0
C:\labs\ppr_lab5\dataset_folder\train\bayhorse\0010.jpg;0
C:\labs\ppr_lab5\dataset_folder\train\bayhorse\0012.jpg;0
C:\labs\ppr_lab5\dataset_folder\train\bayhorse\0013.jpg;0
C:\labs\ppr_lab5\dataset_folder\train\bayhorse\0014.jpg;0
C:\labs\ppr_lab5\dataset_folder\train\bayhorse\0015.jpg;0
C:\labs\ppr_lab5\dataset_folder\train\bayhorse\0016.jpg;0
C:\labs\ppr_lab5\dataset_folder\train\bayhorse\0017.jpg;0
C:\labs\ppr_lab5\dataset_folder\train\bayhorse\0018.jpg;0
C:\labs\ppr_lab5\dataset_folder\train\bayhorse\0019.jpg;0
C:\labs\ppr_lab5\dataset_folder\train\bayhorse\0020.jpg;0
C:\labs\ppr_lab5\dataset_folder\train\bayhorse\0021.jpg;0
C:\labs\ppr_lab5\dataset_folder\train\bayhorse\0022.jpg;0
C:\labs\ppr_lab5\dataset_folder\train\bayhorse\0023.jpg;0
C:\labs\ppr_lab5\dataset_folder\train\bayhorse\0024.jpg;0
C:\labs\ppr_lab5\dataset_folder\train\bayhorse\0025.jpg;0
C:\labs\ppr_lab5\dataset_folder\train\bayhorse\0026.jpg;0
C:\labs\ppr_lab5\dataset_folder\train\bayhorse\0027.jpg;0
C:\labs\ppr_lab5\dataset_folder\train\bayhorse\0028.jpg;0
C:\labs\ppr_lab5\dataset_folder\train\bayhorse\0030.jpg;0
C:\labs\ppr_lab5\dataset_folder\train\bayhorse\0031.jpg;0
C:\labs\ppr_lab5\dataset_folder\train\bayhorse\0032.jpg;0
C:\labs\ppr_lab5\dataset_folder\train\bayhorse\0033.jpg;0
C:\labs\ppr_lab5\dataset_folder\train\bayhorse\0034.jpg;0
C:\labs\ppr_lab5\dataset_folder\train\bayhorse\0035.jpg;0
C:\labs\ppr_lab5\dataset_folder\train\bayhorse\0036.jpg;0
C:\labs\ppr_lab5\dataset_folder\train\bayhorse\0037.jpg;0
C:\labs\ppr_lab5\dataset_folder\train\bayhorse\0038.jpg;0
C:\labs\ppr_lab5\dataset_folder\train\bayhorse\0039.jpg;0
C:\labs\ppr_lab5\dataset_folder\train\bayhorse\0040.jpg;0
C:\labs\ppr_lab5\dataset_folder\train\bayhorse\0041.jpg;0
C:\labs\ppr_lab5\dataset_folder\train\bayhorse\0042.jpg;0
C:\labs\ppr_lab5\dataset_folder\train\bayhorse\0043.jpg;0
C:\labs\ppr_lab5\dataset_folder\train\bayhorse\0045.jpg;0
C:\labs\ppr_lab5\dataset_folder\train\bayhorse\0046.jpg;0
C:\labs\ppr_lab5\dataset_folder\train\bayhorse\0047.jpg;0
C:\labs\ppr_lab5\dataset_folder\train\bayhorse\0049.jpg;0
C:\labs\ppr_lab5\dataset_folder\train\bayhorse\0051.jpg;0
C:\labs\ppr_lab5\dataset_folder\train\bayhorse\0052.jpg;0
C:\labs\ppr_lab5\dataset_folder\train\bayhorse\0054.jpg;0
C:\labs\ppr_lab5\dataset_folder\train\bayhorse\0056.jpg;0
C:\labs\ppr_lab5\dataset_folder\train\bayhorse\0057.jpg;0
C:\labs\ppr_lab5\dataset_folder\train\bayhorse\0058.jpg;0
C:\labs\ppr_lab5\dataset_folder\train\bayhorse\0059.jpg;0
C:\labs\ppr_lab5\dataset_folder\train\bayhorse\0060.jpg;0
C:\labs\ppr_lab5\dataset_folder\train\bayhorse\0062.jpg;0
C:\labs\ppr_lab5\dataset_folder\train\bayhorse\0063.jpg;0
C:\labs\ppr_lab5\dataset_folder\train\bayhorse\0064.jpg;0
C:\labs\ppr_lab5\dataset_folder\train\bayhorse\0066.jpg;0
C:\labs\ppr_lab5\dataset_folder\train\bayhorse\0067.jpg;0
C:\labs\ppr_lab5\dataset_folder\train\bayhorse\0069.jpg;0
C:\labs\ppr_lab5\dataset_folder\train\bayhorse\0070.jpg;0
C:\labs\ppr_lab5\dataset_folder\train\bayhorse\0071.jpg;0
C:\labs\ppr_lab5\dataset_folder\train\bayhorse\0074.jpg;0
C:\labs\ppr_lab5\dataset_folder\train\bayhorse\0075.jpg;0
C:\labs\ppr_lab5\dataset_folder\train\bayhorse\0076.jpg;0
C:\labs\ppr_lab5\dataset_folder\train\bayhorse\0077.jpg;0
C:\labs\ppr_lab5\dataset_folder\train\bayhorse\0080.jpg;0
C:\labs\ppr_lab5\dataset_folder\train\bayhorse\0081.jpg;0
C:\labs\ppr_lab5\dataset_folder\train\bayhorse\0082.jpg;0
C:\labs\ppr_lab5\dataset_folder\train\bayhorse\0083.jpg;0
C:\labs\ppr_lab5\dataset_folder\train\bayhorse\0084.jpg;0
C:\labs\ppr_lab5\dataset_folder\train\bayhorse\0085.jpg;0
C:\labs\ppr_lab5\dataset_folder\train\bayhorse\0086.jpg;0
C:\labs\ppr_lab5\dataset_folder\train\bayhorse\0089.jpg;0
C:\labs\ppr_lab5\dataset_folder\train\bayhorse\0090.jpg;0
C:\labs\ppr_lab5\dataset_folder\train\bayhorse\0092.jpg;0
C:\labs\ppr_lab5\dataset_folder\train\bayhorse\0094.jpg;0
C:\labs\ppr_lab5\dataset_folder\train\bayhorse\0095.jpg;0
C:\labs\ppr_lab5\dataset_folder\train\bayhorse\0096.jpg;0
C:\labs\ppr_lab5\dataset_folder\train\bayhorse\0097.jpg;0
C:\labs\ppr_lab5\dataset_folder\train\bayhorse\0098.jpg;0
C:\labs\ppr_lab5\dataset_folder\train\bayhorse\0099.jpg;0
C:\labs\ppr_lab5\dataset_folder\train\bayhorse\0100.jpg;0
C:\labs\ppr_lab5\dataset_folder\train\bayhorse\0101.jpg;0
C:\labs\ppr_lab5\dataset_folder\train\bayhorse\0102.jpg;0
C:\labs\ppr_lab5\dataset_folder\train\bayhorse\0103.jpg;0
C:\labs\ppr_lab5\dataset_folder\train\bayhorse\0104.jpg;0
C:\labs\ppr_lab5\dataset_folder\train\bayhorse\0105.jpg;0
C:\labs\ppr_lab5\dataset_folder\train\bayhorse\0106.jpg;0
C:\labs\ppr_lab5\dataset_folder\train\bayhorse\0108.jpg;0
C:\labs\ppr_lab5\dataset_folder\train\bayhorse\0109.jpg;0
C:\labs\ppr_lab5\dataset_folder\train\bayhorse\0110.jpg;0
C:\labs\ppr_lab5\dataset_folder\train\bayhorse\0111.jpg;0
C:\labs\ppr_lab5\dataset_folder\train\bayhorse\0112.jpg;0
C:\labs\ppr_lab5\dataset_folder\train\bayhorse\0113.jpg;0
C:\labs\ppr_lab5\dataset_folder\train\bayhorse\0114.jpg;0
C:\labs\ppr_lab5\dataset_folder\train\bayhorse\0115.jpg;0
C:\labs\ppr_lab5\dataset_folder\train\bayhorse\0116.jpg;0
C:\labs\ppr_lab5\dataset_folder\train\bayhorse\0117.jpg;0
C:\labs\ppr_lab5\dataset_folder\train\bayhorse\0119.jpg;0
C:\labs\ppr_lab5\dataset_folder\train\bayhorse\0120.jpg;0
C:\labs\ppr_lab5\dataset_folder\train\bayhorse\0121.jpg;0
C:\labs\ppr_lab5\dataset_folder\train\bayhorse\0122.jpg;0
C:\labs\ppr_lab5\dataset_folder\train\bayhorse\0123.jpg;0
C:\labs\ppr_lab5\dataset_folder\train\bayhorse\0124.jpg;0
C:\labs\ppr_lab5\dataset_folder\train\bayhorse\0126.jpg;0
C:\labs\ppr_lab5\dataset_folder\train\bayhorse\0127.jpg;0
C:\labs\ppr_lab5\dataset_folder\train\bayhorse\0129.jpg;0
C:\labs\ppr_lab5\dataset_folder\train\bayhorse\0130.jpg;0
C:\labs\ppr_lab5\dataset_folder\train\bayhorse\0131.jpg;0
C:\labs\ppr_lab5\dataset_folder\train\bayhorse\0133.jpg;0
C:\labs\ppr_lab5\dataset_folder\train\bayhorse\0134.jpg;0
C:\labs\ppr_lab5\dataset_folder\train\bayhorse\0135.jpg;0
C:\labs\ppr_lab5\dataset_folder\train\bayhorse\0136.jpg;0
C:\labs\ppr_lab5\dataset_folder\train\bayhorse\0137.jpg;0
C:\labs\ppr_lab5\dataset_folder\train\bayhorse\0138.jpg;0
C:\labs\ppr_lab5\dataset_folder\train\bayhorse\0139.jpg;0
C:\labs\ppr_lab5\dataset_folder\train\bayhorse\0142.jpg;0
C:\labs\ppr_lab5\dataset_folder\train\bayhorse\0143.jpg;0
C:\labs\ppr_lab5\dataset_folder\train\bayhorse\0144.jpg;0
C:\labs\ppr_lab5\dataset_folder\train\bayhorse\0146.jpg;0
C:\labs\ppr_lab5\dataset_folder\train\bayhorse\0147.jpg;0
C:\labs\ppr_lab5\dataset_folder\train\bayhorse\0148.jpg;0
C:\labs\ppr_lab5\dataset_folder\train\bayhorse\0149.jpg;0
C:\labs\ppr_lab5\dataset_folder\train\bayhorse\0151.jpg;0
C:\labs\ppr_lab5\dataset_folder\train\bayhorse\0152.jpg;0
C:\labs\ppr_lab5\dataset_folder\train\bayhorse\0154.jpg;0
C:\labs\ppr_lab5\dataset_folder\train\bayhorse\0155.jpg;0
C:\labs\ppr_lab5\dataset_folder\train\bayhorse\0156.jpg;0
C:\labs\ppr_lab5\dataset_folder\train\bayhorse\0157.jpg;0
C:\labs\ppr_lab5\dataset_folder\train\bayhorse\0159.jpg;0
C:\labs\ppr_lab5\dataset_folder\train\bayhorse\0160.jpg;0
C:\labs\ppr_lab5\dataset_folder\train\bayhorse\0161.jpg;0
C:\labs\ppr_lab5\dataset_folder\train\bayhorse\0162.jpg;0
C:\labs\ppr_lab5\dataset_folder\train\bayhorse\0163.jpg;0
C:\labs\ppr_lab5\dataset_folder\train\bayhorse\0164.jpg;0
C:\labs\ppr_lab5\dataset_folder\train\bayhorse\0165.jpg;0
C:\labs\ppr_lab5\dataset_folder\train\bayhorse\0166.jpg;0
C:\labs\ppr_lab5\dataset_folder\train\bayhorse\0167.jpg;0
C:\labs\ppr_lab5\dataset_folder\train\bayhorse\0168.jpg;0
C:\labs\ppr_lab5\dataset_folder\train\bayhorse\0169.jpg;0
C:\labs\ppr_lab5\dataset_folder\train\bayhorse\0171.jpg;0
C:\labs\ppr_lab5\dataset_folder\train\bayhorse\0172.jpg;0
C:\labs\ppr_lab5\dataset_folder\train\bayhorse\0174.jpg;0
C:\labs\ppr_lab5\dataset_folder\train\bayhorse\0175.jpg;0
C:\labs\ppr_lab5\dataset_folder\train\bayhorse\0176.jpg;0
C:\labs\ppr_lab5\dataset_folder\train\bayhorse\0178.jpg;0
C:\labs\ppr_lab5\dataset_folder\train\bayhorse\0179.jpg;0
C:\labs\ppr_lab5\dataset_folder\train\bayhorse\0180.jpg;0
C:\labs\ppr_lab5\dataset_folder\train\bayhorse\0181.jpg;0
C:\labs\ppr_lab5\dataset_folder\train\bayhorse\0182.jpg;0
C:\labs\ppr_lab5\dataset_folder\train\bayhorse\0183.jpg;0
C:\labs\ppr_lab5\dataset_folder\train\bayhorse\0184.jpg;0
C:\labs\ppr_lab5\dataset_folder\train\bayhorse\0185.jpg;0
C:\labs\ppr_lab5\dataset_folder\train\bayhorse\0186.jpg;0
C:\labs\ppr_lab5\dataset_folder\train\bayhorse\0187.jpg;0
C:\labs\ppr_lab5\dataset_folder\train\bayhorse\0188.jpg;0
C:\labs\ppr_lab5\dataset_folder\train\bayhorse\0190.jpg;0
C:\labs\ppr_lab5\dataset_folder\train\bayhorse\0191.jpg;0
C:\labs\ppr_lab5\dataset_folder\train\bayhorse\0192.jpg;0
C:\labs\ppr_lab5\dataset_folder\train\bayhorse\0193.jpg;0
C:\labs\ppr_lab5\dataset_folder\train\bayhorse\0194.jpg;0
C:\labs\ppr_lab5\dataset_folder\train\bayhorse\0195.jpg;0
C:\labs\ppr_lab5\dataset_folder\train\bayhorse\0196.jpg;0
C:\labs\ppr_lab5\dataset_folder\train\bayhorse\0197.jpg;0
C:\labs\ppr_lab5\dataset_folder\train\bayhorse\0198.jpg;0
C:\labs\ppr_lab5\dataset_folder\train\bayhorse\0200.jpg;0
C:\labs\ppr_lab5\dataset_folder\train\bayhorse\0201.jpg;0
C:\labs\ppr_lab5\dataset_folder\train\bayhorse\0202.jpg;0
C:\labs\ppr_lab5\dataset_folder\train\bayhorse\0203.jpg;0
C:\labs\ppr_lab5\dataset_folder\train\bayhorse\0205.jpg;0
C:\labs\ppr_lab5\dataset_folder\train\bayhorse\0206.jpg;0
C:\labs\ppr_lab5\dataset_folder\train\bayhorse\0207.jpg;0
C:\labs\ppr_lab5\dataset_folder\train\bayhorse\0208.jpg;0
C:\labs\ppr_lab5\dataset_folder\train\bayhorse\0209.jpg;0
C:\labs\ppr_lab5\dataset_folder\train\bayhorse\0210.jpg;0
C:\labs\ppr_lab5\dataset_folder\train\bayhorse\0211.jpg;0
C:\labs\ppr_lab5\dataset_folder\train\bayhorse\0212.jpg;0
C:\labs\ppr_lab5\dataset_folder\train\bayhorse\0213.jpg;0
C:\labs\ppr_lab5\dataset_folder\train\bayhorse\0214.jpg;0
C:\labs\ppr_lab5\dataset_folder\train\bayhorse\0215.jpg;0
C:\labs\ppr_lab5\dataset_folder\train\bayhorse\0216.jpg;0
C:\labs\ppr_lab5\dataset_folder\train\bayhorse\0217.jpg;0
C:\labs\ppr_lab5\dataset_folder\train\bayhorse\0219.jpg;0
C:\labs\ppr_lab5\dataset_folder\train\bayhorse\0220.jpg;0
C:\labs\ppr_lab5\dataset_folder\train\bayhorse\0221.jpg;0
C:\labs\ppr_lab5\dataset_folder\train\bayhorse\0222.jpg;0
C:\labs\ppr_lab5\dataset_folder\train\bayhorse\0223.jpg;0
C:\labs\ppr_lab5\dataset_folder\train\bayhorse\0224.jpg;0
C:\labs\ppr_lab5\dataset_folder\train\bayhorse\0225.jpg;0
C:\labs\ppr_lab5\dataset_folder\train\bayhorse\0226.jpg;0
C:\labs\ppr_lab5\dataset_folder\train\bayhorse\0227.jpg;0
C:\labs\ppr_lab5\dataset_folder\train\bayhorse\0228.jpg;0
C:\labs\ppr_lab5\dataset_folder\train\bayhorse\0230.jpg;0
C:\labs\ppr_lab5\dataset_folder\train\bayhorse\0231.jpg;0
C:\labs\ppr_lab5\dataset_folder\train\bayhorse\0232.jpg;0
C:\labs\ppr_lab5\dataset_folder\train\bayhorse\0233.jpg;0
C:\labs\ppr_lab5\dataset_folder\train\bayhorse\0234.jpg;0
C:\labs\ppr_lab5\dataset_folder\train\bayhorse\0235.jpg;0
C:\labs\ppr_lab5\dataset_folder\train\bayhorse\0236.jpg;0
C:\labs\ppr_lab5\dataset_folder\train\bayhorse\0237.jpg;0
C:\labs\ppr_lab5\dataset_folder\train\bayhorse\0238.jpg;0
C:\labs\ppr_lab5\dataset_folder\train\bayhorse\0239.jpg;0
C:\labs\ppr_lab5\dataset_folder\train\bayhorse\0241.jpg;0
C:\labs\ppr_lab5\dataset_folder\train\bayhorse\0242.jpg;0
C:\labs\ppr_lab5\dataset_folder\train\bayhorse\0245.jpg;0
C:\labs\ppr_lab5\dataset_folder\train\bayhorse\0246.jpg;0
C:\labs\ppr_lab5\dataset_folder\train\bayhorse\0247.jpg;0
C:\labs\ppr_lab5\dataset_folder\train\bayhorse\0249.jpg;0
C:\labs\ppr_lab5\dataset_folder\train\bayhorse\0250.jpg;0
C:\labs\ppr_lab5\dataset_folder\train\bayhorse\0251.jpg;0
C:\labs\ppr_lab5\dataset_folder\train\bayhorse\0252.jpg;0
C:\labs\ppr_lab5\dataset_folder\train\bayhorse\0253.jpg;0
C:\labs\ppr_lab5\dataset_folder\train\bayhorse\0255.jpg;0
C:\labs\ppr_lab5\dataset_folder\train\bayhorse\0256.jpg;0
C:\labs\ppr_lab5\dataset_folder\train\bayhorse\0257.jpg;0
C:\labs\ppr_lab5\dataset_folder\train\bayhorse\0260.jpg;0
C:\labs\ppr_lab5\dataset_folder\train\bayhorse\0261.jpg;0
C:\labs\ppr_lab5\dataset_folder\train\bayhorse\0263.jpg;0
C:\labs\ppr_lab5\dataset_folder\train\bayhorse\0264.jpg;0
C:\labs\ppr_lab5\dataset_folder\train\bayhorse\0265.jpg;0
C:\labs\ppr_lab5\dataset_folder\train\bayhorse\0269.jpg;0
C:\labs\ppr_lab5\dataset_folder\train\bayhorse\0271.jpg;0
C:\labs\ppr_lab5\dataset_folder\train\bayhorse\0272.jpg;0
C:\labs\ppr_lab5\dataset_folder\train\bayhorse\0273.jpg;0
C:\labs\ppr_lab5\dataset_folder\train\bayhorse\0274.jpg;0
C:\labs\ppr_lab5\dataset_folder\train\bayhorse\0275.jpg;0
C:\labs\ppr_lab5\dataset_folder\train\bayhorse\0277.jpg;0
C:\labs\ppr_lab5\dataset_folder\train\bayhorse\0278.jpg;0
C:\labs\ppr_lab5\dataset_folder\train\bayhorse\0279.jpg;0
C:\labs\ppr_lab5\dataset_folder\train\bayhorse\0281.jpg;0
C:\labs\ppr_lab5\dataset_folder\train\bayhorse\0282.jpg;0
C:\labs\ppr_lab5\dataset_folder\train\bayhorse\0283.jpg;0
C:\labs\ppr_lab5\dataset_folder\train\bayhorse\0284.jpg;0
C:\labs\ppr_lab5\dataset_folder\train\bayhorse\0286.jpg;0
C:\labs\ppr_lab5\dataset_folder\train\bayhorse\0287.jpg;0
C:\labs\ppr_lab5\dataset_folder\train\bayhorse\0288.jpg;0
C:\labs\ppr_lab5\dataset_folder\train\bayhorse\0289.jpg;0
C:\labs\ppr_lab5\dataset_folder\train\bayhorse\0291.jpg;0
C:\labs\ppr_lab5\dataset_folder\train\bayhorse\0292.jpg;0
C:\labs\ppr_lab5\dataset_folder\train\bayhorse\0293.jpg;0
C:\labs\ppr_lab5\dataset_folder\train\bayhorse\0294.jpg;0
C:\labs\ppr_lab5\dataset_folder\train\bayhorse\0295.jpg;0
C:\labs\ppr_lab5\dataset_folder\train\bayhorse\0296.jpg;0
C:\labs\ppr_lab5\dataset_folder\train\bayhorse\0297.jpg;0
C:\labs\ppr_lab5\dataset_folder\train\bayhorse\0298.jpg;0
C:\labs\ppr_lab5\dataset_folder\train\bayhorse\0304.jpg;0
C:\labs\ppr_lab5\dataset_folder\train\bayhorse\0305.jpg;0
C:\labs\ppr_lab5\dataset_folder\train\bayhorse\0306.jpg;0
C:\labs\ppr_lab5\dataset_folder\train\bayhorse\0307.jpg;0
C:\labs\ppr_lab5\dataset_folder\train\bayhorse\0308.jpg;0
C:\labs\ppr_lab5\dataset_folder\train\bayhorse\0309.jpg;0
C:\labs\ppr_lab5\dataset_folder\train\bayhorse\0310.jpg;0
C:\labs\ppr_lab5\dataset_folder\train\bayhorse\0311.jpg;0
C:\labs\ppr_lab5\dataset_folder\train\bayhorse\0312.jpg;0
C:\labs\ppr_lab5\dataset_folder\train\bayhorse\0313.jpg;0
C:\labs\ppr_lab5\dataset_folder\train\bayhorse\0314.jpg;0
C:\labs\ppr_lab5\dataset_folder\train\bayhorse\0315.jpg;0
C:\labs\ppr_lab5\dataset_folder\train\bayhorse\0316.jpg;0
C:\labs\ppr_lab5\dataset_folder\train\bayhorse\0318.jpg;0
C:\labs\ppr_lab5\dataset_folder\train\bayhorse\0319.jpg;0
C:\labs\ppr_lab5\dataset_folder\train\bayhorse\0322.jpg;0
C:\labs\ppr_lab5\dataset_folder\train\bayhorse\0323.jpg;0
C:\labs\ppr_lab5\dataset_folder\train\bayhorse\0324.jpg;0
C:\labs\ppr_lab5\dataset_folder\train\bayhorse\0325.jpg;0
C:\labs\ppr_lab5\dataset_folder\train\bayhorse\0326.jpg;0
C:\labs\ppr_lab5\dataset_folder\train\bayhorse\0328.jpg;0
C:\labs\ppr_lab5\dataset_folder\train\bayhorse\0329.jpg;0
C:\labs\ppr_lab5\dataset_folder\train\bayhorse\0331.jpg;0
C:\labs\ppr_lab5\dataset_folder\train\bayhorse\0332.jpg;0
C:\labs\ppr_lab5\dataset_folder\train\bayhorse\0333.jpg;0
C:\labs\ppr_lab5\dataset_folder\train\bayhorse\0334.jpg;0
C:\labs\ppr_lab5\dataset_folder\train\bayhorse\0335.jpg;0
C:\labs\ppr_lab5\dataset_folder\train\bayhorse\0337.jpg;0
C:\labs\ppr_lab5\dataset_folder\train\bayhorse\0338.jpg;0
C:\labs\ppr_lab5\dataset_folder\train\bayhorse\0339.jpg;0
C:\labs\ppr_lab5\dataset_folder\train\bayhorse\0340.jpg;0
C:\labs\ppr_lab5\dataset_folder\train\bayhorse\0341.jpg;0
C:\labs\ppr_lab5\dataset_folder\train\bayhorse\0343.jpg;0
C:\labs\ppr_lab5\dataset_folder\train\bayhorse\0344.jpg;0
C:\labs\ppr_lab5\dataset_folder\train\bayhorse\0345.jpg;0
C:\labs\ppr_lab5\dataset_folder\train\bayhorse\0346.jpg;0
C:\labs\ppr_lab5\dataset_folder\train\bayhorse\0347.jpg;0
C:\labs\ppr_lab5\dataset_folder\train\bayhorse\0348.jpg;0
C:\labs\ppr_lab5\dataset_folder\train\bayhorse\0349.jpg;0
C:\labs\ppr_lab5\dataset_folder\train\bayhorse\0350.jpg;0
C:\labs\ppr_lab5\dataset_folder\train\bayhorse\0351.jpg;0
C:\labs\ppr_lab5\dataset_folder\train\bayhorse\0352.jpg;0
C:\labs\ppr_lab5\dataset_folder\train\bayhorse\0354.jpg;0
C:\labs\ppr_lab5\dataset_folder\train\bayhorse\0355.jpg;0
C:\labs\ppr_lab5\dataset_folder\train\bayhorse\0356.jpg;0
C:\labs\ppr_lab5\dataset_folder\train\bayhorse\0357.jpg;0
C:\labs\ppr_lab5\dataset_folder\train\bayhorse\0358.jpg;0
C:\labs\ppr_lab5\dataset_folder\train\bayhorse\0360.jpg;0
C:\labs\ppr_lab5\dataset_folder\train\bayhorse\0362.jpg;0
C:\labs\ppr_lab5\dataset_folder\train\bayhorse\0363.jpg;0
C:\labs\ppr_lab5\dataset_folder\train\bayhorse\0364.jpg;0
C:\labs\ppr_lab5\dataset_folder\train\bayhorse\0365.jpg;0
C:\labs\ppr_lab5\dataset_folder\train\bayhorse\0366.jpg;0
C:\labs\ppr_lab5\dataset_folder\train\bayhorse\0368.jpg;0
C:\labs\ppr_lab5\dataset_folder\train\bayhorse\0369.jpg;0
C:\labs\ppr_lab5\dataset_folder\train\bayhorse\0370.jpg;0
C:\labs\ppr_lab5\dataset_folder\train\bayhorse\0371.jpg;0
C:\labs\ppr_lab5\dataset_folder\train\bayhorse\0372.jpg;0
C:\labs\ppr_lab5\dataset_folder\train\bayhorse\0374.jpg;0
C:\labs\ppr_lab5\dataset_folder\train\bayhorse\0375.jpg;0
C:\labs\ppr_lab5\dataset_folder\train\bayhorse\0376.jpg;0
C:\labs\ppr_lab5\dataset_folder\train\bayhorse\0377.jpg;0
C:\labs\ppr_lab5\dataset_folder\train\bayhorse\0378.jpg;0
C:\labs\ppr_lab5\dataset_folder\train\bayhorse\0379.jpg;0
C:\labs\ppr_lab5\dataset_folder\train\bayhorse\0381.jpg;0
C:\labs\ppr_lab5\dataset_folder\train\bayhorse\0382.jpg;0
C:\labs\ppr_lab5\dataset_folder\train\bayhorse\0384.jpg;0
C:\labs\ppr_lab5\dataset_folder\train\bayhorse\0385.jpg;0
C:\labs\ppr_lab5\dataset_folder\train\bayhorse\0386.jpg;0
C:\labs\ppr_lab5\dataset_folder\train\bayhorse\0387.jpg;0
C:\labs\ppr_lab5\dataset_folder\train\bayhorse\0388.jpg;0
C:\labs\ppr_lab5\dataset_folder\train\bayhorse\0390.jpg;0
C:\labs\ppr_lab5\dataset_folder\train\bayhorse\0391.jpg;0
C:\labs\ppr_lab5\dataset_folder\train\bayhorse\0392.jpg;0
C:\labs\ppr_lab5\dataset_folder\train\bayhorse\0393.jpg;0
C:\labs\ppr_lab5\dataset_folder\train\bayhorse\0394.jpg;0
C:\labs\ppr_lab5\dataset_folder\train\bayhorse\0396.jpg;0
C:\labs\ppr_lab5\dataset_folder\train\bayhorse\0397.jpg;0
C:\labs\ppr_lab5\dataset_folder\train\bayhorse\0399.jpg;0
C:\labs\ppr_lab5\dataset_folder\train\bayhorse\0400.jpg;0
C:\labs\ppr_lab5\dataset_folder\train\bayhorse\0401.jpg;0
C:\labs\ppr_lab5\dataset_folder\train\bayhorse\0403.jpg;0
C:\labs\ppr_lab5\dataset_folder\train\bayhorse\0404.jpg;0
C:\labs\ppr_lab5\dataset_folder\train\bayhorse\0405.jpg;0
C:\labs\ppr_lab5\dataset_folder\train\bayhorse\0406.jpg;0
C:\labs\ppr_lab5\dataset_folder\train\bayhorse\0407.jpg;0
C:\labs\ppr_lab5\dataset_folder\train\bayhorse\0408.jpg;0
C:\labs\ppr_lab5\dataset_folder\train\bayhorse\0409.jpg;0
C:\labs\ppr_lab5\dataset_folder\train\bayhorse\0410.jpg;0
C:\labs\ppr_lab5\dataset_folder\train\bayhorse\0411.jpg;0
C:\labs\ppr_lab5\dataset_folder\train\bayhorse\0412.jpg;0
C:\labs\ppr_lab5\dataset_folder\train\bayhorse\0413.jpg;0
C:\labs\ppr_lab5\dataset_folder\train\bayhorse\0416.jpg;0
C:\labs\ppr_lab5\dataset_folder\train\bayhorse\0418.jpg;0
C:\labs\ppr_lab5\dataset_folder\train\bayhorse\0419.jpg;0
C:\labs\ppr_lab5\dataset_folder\train\bayhorse\0420.jpg;0
C:\labs\ppr_lab5\dataset_folder\train\bayhorse\0421.jpg;0
C:\labs\ppr_lab5\dataset_folder\train\bayhorse\0422.jpg;0
C:\labs\ppr_lab5\dataset_folder\train\bayhorse\0423.jpg;0
C:\labs\ppr_lab5\dataset_folder\train\bayhorse\0425.jpg;0
C:\labs\ppr_lab5\dataset_folder\train\bayhorse\0426.jpg;0
C:\labs\ppr_lab5\dataset_folder\train\bayhorse\0427.jpg;0
C:\labs\ppr_lab5\dataset_folder\train\bayhorse\0428.jpg;0
C:\labs\ppr_lab5\dataset_folder\train\bayhorse\0429.jpg;0
C:\labs\ppr_lab5\dataset_folder\train\bayhorse\0430.jpg;0
C:\labs\ppr_lab5\dataset_folder\train\bayhorse\0431.jpg;0
C:\labs\ppr_lab5\dataset_folder\train\bayhorse\0432.jpg;0
C:\labs\ppr_lab5\dataset_folder\train\bayhorse\0434.jpg;0
C:\labs\ppr_lab5\dataset_folder\train\bayhorse\0435.jpg;0
C:\labs\ppr_lab5\dataset_folder\train\bayhorse\0436.jpg;0
C:\labs\ppr_lab5\dataset_folder\train\bayhorse\0437.jpg;0
C:\labs\ppr_lab5\dataset_folder\train\bayhorse\0439.jpg;0
C:\labs\ppr_lab5\dataset_folder\train\bayhorse\0441.jpg;0
C:\labs\ppr_lab5\dataset_folder\train\bayhorse\0442.jpg;0
C:\labs\ppr_lab5\dataset_folder\train\bayhorse\0443.jpg;0
C:\labs\ppr_lab5\dataset_folder\train\bayhorse\0445.jpg;0
C:\labs\ppr_lab5\dataset_folder\train\bayhorse\0446.jpg;0
C:\labs\ppr_lab5\dataset_folder\train\bayhorse\0448.jpg;0
C:\labs\ppr_lab5\dataset_folder\train\bayhorse\0449.jpg;0
C:\labs\ppr_lab5\dataset_folder\train\bayhorse\0450.jpg;0
C:\labs\ppr_lab5\dataset_folder\train\bayhorse\0453.jpg;0
C:\labs\ppr_lab5\dataset_folder\train\bayhorse\0454.jpg;0
C:\labs\ppr_lab5\dataset_folder\train\bayhorse\0455.jpg;0
C:\labs\ppr_lab5\dataset_folder\train\bayhorse\0457.jpg;0
C:\labs\ppr_lab5\dataset_folder\train\bayhorse\0458.jpg;0
C:\labs\ppr_lab5\dataset_folder\train\bayhorse\0459.jpg;0
C:\labs\ppr_lab5\dataset_folder\train\bayhorse\0462.jpg;0
C:\labs\ppr_lab5\dataset_folder\train\bayhorse\0463.jpg;0
C:\labs\ppr_lab5\dataset_folder\train\bayhorse\0464.jpg;0
C:\labs\ppr_lab5\dataset_folder\train\bayhorse\0465.jpg;0
C:\labs\ppr_lab5\dataset_folder\train\bayhorse\0466.jpg;0
C:\labs\ppr_lab5\dataset_folder\train\bayhorse\0467.jpg;0
C:\labs\ppr_lab5\dataset_folder\train\bayhorse\0468.jpg;0
C:\labs\ppr_lab5\dataset_folder\train\bayhorse\0469.jpg;0
C:\labs\ppr_lab5\dataset_folder\train\bayhorse\0470.jpg;0
C:\labs\ppr_lab5\dataset_folder\train\bayhorse\0471.jpg;0
C:\labs\ppr_lab5\dataset_folder\train\bayhorse\0473.jpg;0
C:\labs\ppr_lab5\dataset_folder\train\bayhorse\0474.jpg;0
C:\labs\ppr_lab5\dataset_folder\train\bayhorse\0475.jpg;0
C:\labs\ppr_lab5\dataset_folder\train\bayhorse\0476.jpg;0
C:\labs\ppr_lab5\dataset_folder\train\bayhorse\0477.jpg;0
C:\labs\ppr_lab5\dataset_folder\train\bayhorse\0478.jpg;0
C:\labs\ppr_lab5\dataset_folder\train\bayhorse\0480.jpg;0
C:\labs\ppr_lab5\dataset_folder\train\bayhorse\0481.jpg;0
C:\labs\ppr_lab5\dataset_folder\train\bayhorse\0483.jpg;0
C:\labs\ppr_lab5\dataset_folder\train\bayhorse\0484.jpg;0
C:\labs\ppr_lab5\dataset_folder\train\bayhorse\0485.jpg;0
C:\labs\ppr_lab5\dataset_folder\train\bayhorse\0487.jpg;0
C:\labs\ppr_lab5\dataset_folder\train\bayhorse\0488.jpg;0
C:\labs\ppr_lab5\dataset_folder\train\bayhorse\0489.jpg;0
C:\labs\ppr_lab5\dataset_folder\train\bayhorse\0491.jpg;0
C:\labs\ppr_lab5\dataset_folder\train\bayhorse\0492.jpg;0
C:\labs\ppr_lab5\dataset_folder\train\bayhorse\0493.jpg;0
C:\labs\ppr_lab5\dataset_folder\train\bayhorse\0494.jpg;0
C:\labs\ppr_lab5\dataset_folder\train\bayhorse\0495.jpg;0
C:\labs\ppr_lab5\dataset_folder\train\bayhorse\0496.jpg;0
C:\labs\ppr_lab5\dataset_folder\train\bayhorse\0497.jpg;0
C:\labs\ppr_lab5\dataset_folder\train\bayhorse\0498.jpg;0
C:\labs\ppr_lab5\dataset_folder\train\bayhorse\0499.jpg;0
C:\labs\ppr_lab5\dataset_folder\train\bayhorse\0501.jpg;0
C:\labs\ppr_lab5\dataset_folder\train\bayhorse\0502.jpg;0
C:\labs\ppr_lab5\dataset_folder\train\bayhorse\0503.jpg;0
C:\labs\ppr_lab5\dataset_folder\train\bayhorse\0504.jpg;0
C:\labs\ppr_lab5\dataset_folder\train\bayhorse\0505.jpg;0
C:\labs\ppr_lab5\dataset_folder\train\bayhorse\0506.jpg;0
C:\labs\ppr_lab5\dataset_folder\train\bayhorse\0507.jpg;0
C:\labs\ppr_lab5\dataset_folder\train\bayhorse\0508.jpg;0
C:\labs\ppr_lab5\dataset_folder\train\bayhorse\0509.jpg;0
C:\labs\ppr_lab5\dataset_folder\train\bayhorse\0510.jpg;0
C:\labs\ppr_lab5\dataset_folder\train\bayhorse\0511.jpg;0
C:\labs\ppr_lab5\dataset_folder\train\bayhorse\0512.jpg;0
C:\labs\ppr_lab5\dataset_folder\train\bayhorse\0513.jpg;0
C:\labs\ppr_lab5\dataset_folder\train\bayhorse\0515.jpg;0
C:\labs\ppr_lab5\dataset_folder\train\bayhorse\0516.jpg;0
C:\labs\ppr_lab5\dataset_folder\train\bayhorse\0517.jpg;0
C:\labs\ppr_lab5\dataset_folder\train\bayhorse\0520.jpg;0
C:\labs\ppr_lab5\dataset_folder\train\bayhorse\0521.jpg;0
C:\labs\ppr_lab5\dataset_folder\train\bayhorse\0522.jpg;0
C:\labs\ppr_lab5\dataset_folder\train\bayhorse\0523.jpg;0
C:\labs\ppr_lab5\dataset_folder\train\bayhorse\0524.jpg;0
C:\labs\ppr_lab5\dataset_folder\train\bayhorse\0526.jpg;0
C:\labs\ppr_lab5\dataset_folder\train\bayhorse\0527.jpg;0
C:\labs\ppr_lab5\dataset_folder\train\bayhorse\0528.jpg;0
C:\labs\ppr_lab5\dataset_folder\train\bayhorse\0531.jpg;0
C:\labs\ppr_lab5\dataset_folder\train\bayhorse\0533.jpg;0
C:\labs\ppr_lab5\dataset_folder\train\bayhorse\0534.jpg;0
C:\labs\ppr_lab5\dataset_folder\train\bayhorse\0535.jpg;0
C:\labs\ppr_lab5\dataset_folder\train\bayhorse\0539.jpg;0
C:\labs\ppr_lab5\dataset_folder\train\bayhorse\0540.jpg;0
C:\labs\ppr_lab5\dataset_folder\train\bayhorse\0541.jpg;0
C:\labs\ppr_lab5\dataset_folder\train\bayhorse\0542.jpg;0
C:\labs\ppr_lab5\dataset_folder\train\bayhorse\0543.jpg;0
C:\labs\ppr_lab5\dataset_folder\train\bayhorse\0544.jpg;0
C:\labs\ppr_lab5\dataset_folder\train\bayhorse\0545.jpg;0
C:\labs\ppr_lab5\dataset_folder\train\bayhorse\0546.jpg;0
C:\labs\ppr_lab5\dataset_folder\train\bayhorse\0548.jpg;0
C:\labs\ppr_lab5\dataset_folder\train\bayhorse\0549.jpg;0
C:\labs\ppr_lab5\dataset_folder\train\bayhorse\0551.jpg;0
C:\labs\ppr_lab5\dataset_folder\train\bayhorse\0552.jpg;0
C:\labs\ppr_lab5\dataset_folder\train\bayhorse\0553.jpg;0
C:\labs\ppr_lab5\dataset_folder\train\bayhorse\0554.jpg;0
C:\labs\ppr_lab5\dataset_folder\train\bayhorse\0555.jpg;0
C:\labs\ppr_lab5\dataset_folder\train\bayhorse\0556.jpg;0
C:\labs\ppr_lab5\dataset_folder\train\bayhorse\0557.jpg;0
C:\labs\ppr_lab5\dataset_folder\train\bayhorse\0559.jpg;0
C:\labs\ppr_lab5\dataset_folder\train\bayhorse\0561.jpg;0
C:\labs\ppr_lab5\dataset_folder\train\bayhorse\0562.jpg;0
C:\labs\ppr_lab5\dataset_folder\train\bayhorse\0563.jpg;0
C:\labs\ppr_lab5\dataset_folder\train\bayhorse\0565.jpg;0
C:\labs\ppr_lab5\dataset_folder\train\bayhorse\0566.jpg;0
C:\labs\ppr_lab5\dataset_folder\train\bayhorse\0567.jpg;0
C:\labs\ppr_lab5\dataset_folder\train\bayhorse\0568.jpg;0
C:\labs\ppr_lab5\dataset_folder\train\bayhorse\0569.jpg;0
C:\labs\ppr_lab5\dataset_folder\train\bayhorse\0570.jpg;0
C:\labs\ppr_lab5\dataset_folder\train\bayhorse\0571.jpg;0
C:\labs\ppr_lab5\dataset_folder\train\bayhorse\0572.jpg;0
C:\labs\ppr_lab5\dataset_folder\train\bayhorse\0574.jpg;0
C:\labs\ppr_lab5\dataset_folder\train\bayhorse\0575.jpg;0
C:\labs\ppr_lab5\dataset_folder\train\bayhorse\0576.jpg;0
C:\labs\ppr_lab5\dataset_folder\train\bayhorse\0577.jpg;0
C:\labs\ppr_lab5\dataset_folder\train\bayhorse\0578.jpg;0
C:\labs\ppr_lab5\dataset_folder\train\bayhorse\0579.jpg;0
C:\labs\ppr_lab5\dataset_folder\train\bayhorse\0580.jpg;0
C:\labs\ppr_lab5\dataset_folder\train\bayhorse\0581.jpg;0
C:\labs\ppr_lab5\dataset_folder\train\bayhorse\0582.jpg;0
C:\labs\ppr_lab5\dataset_folder\train\bayhorse\0583.jpg;0
C:\labs\ppr_lab5\dataset_folder\train\bayhorse\0584.jpg;0
C:\labs\ppr_lab5\dataset_folder\train\bayhorse\0585.jpg;0
C:\labs\ppr_lab5\dataset_folder\train\bayhorse\0586.jpg;0
C:\labs\ppr_lab5\dataset_folder\train\bayhorse\0589.jpg;0
C:\labs\ppr_lab5\dataset_folder\train\bayhorse\0590.jpg;0
C:\labs\ppr_lab5\dataset_folder\train\bayhorse\0591.jpg;0
C:\labs\ppr_lab5\dataset_folder\train\bayhorse\0593.jpg;0
C:\labs\ppr_lab5\dataset_folder\train\bayhorse\0594.jpg;0
C:\labs\ppr_lab5\dataset_folder\train\bayhorse\0596.jpg;0
C:\labs\ppr_lab5\dataset_folder\train\bayhorse\0598.jpg;0
C:\labs\ppr_lab5\dataset_folder\train\bayhorse\0601.jpg;0
C:\labs\ppr_lab5\dataset_folder\train\bayhorse\0602.jpg;0
C:\labs\ppr_lab5\dataset_folder\train\bayhorse\0605.jpg;0
C:\labs\ppr_lab5\dataset_folder\train\bayhorse\0606.jpg;0
C:\labs\ppr_lab5\dataset_folder\train\bayhorse\0608.jpg;0
C:\labs\ppr_lab5\dataset_folder\train\bayhorse\0609.jpg;0
C:\labs\ppr_lab5\dataset_folder\train\bayhorse\0610.jpg;0
C:\labs\ppr_lab5\dataset_folder\train\bayhorse\0611.jpg;0
C:\labs\ppr_lab5\dataset_folder\train\bayhorse\0612.jpg;0
C:\labs\ppr_lab5\dataset_folder\train\bayhorse\0613.jpg;0
C:\labs\ppr_lab5\dataset_folder\train\bayhorse\0614.jpg;0
C:\labs\ppr_lab5\dataset_folder\train\bayhorse\0615.jpg;0
C:\labs\ppr_lab5\dataset_folder\train\bayhorse\0616.jpg;0
C:\labs\ppr_lab5\dataset_folder\train\bayhorse\0618.jpg;0
C:\labs\ppr_lab5\dataset_folder\train\bayhorse\0619.jpg;0
C:\labs\ppr_lab5\dataset_folder\train\bayhorse\0620.jpg;0
C:\labs\ppr_lab5\dataset_folder\train\bayhorse\0622.jpg;0
C:\labs\ppr_lab5\dataset_folder\train\bayhorse\0623.jpg;0
C:\labs\ppr_lab5\dataset_folder\train\bayhorse\0624.jpg;0
C:\labs\ppr_lab5\dataset_folder\train\bayhorse\0625.jpg;0
C:\labs\ppr_lab5\dataset_folder\train\bayhorse\0626.jpg;0
C:\labs\ppr_lab5\dataset_folder\train\bayhorse\0629.jpg;0
C:\labs\ppr_lab5\dataset_folder\train\bayhorse\0631.jpg;0
C:\labs\ppr_lab5\dataset_folder\train\bayhorse\0632.jpg;0
C:\labs\ppr_lab5\dataset_folder\train\bayhorse\0633.jpg;0
C:\labs\ppr_lab5\dataset_folder\train\bayhorse\0634.jpg;0
C:\labs\ppr_lab5\dataset_folder\train\bayhorse\0637.jpg;0
C:\labs\ppr_lab5\dataset_folder\train\bayhorse\0638.jpg;0
C:\labs\ppr_lab5\dataset_folder\train\bayhorse\0639.jpg;0
C:\labs\ppr_lab5\dataset_folder\train\bayhorse\0640.jpg;0
C:\labs\ppr_lab5\dataset_folder\train\bayhorse\0641.jpg;0
C:\labs\ppr_lab5\dataset_folder\train\bayhorse\0643.jpg;0
C:\labs\ppr_lab5\dataset_folder\train\bayhorse\0644.jpg;0
C:\labs\ppr_lab5\dataset_folder\train\bayhorse\0645.jpg;0
C:\labs\ppr_lab5\dataset_folder\train\bayhorse\0646.jpg;0
C:\labs\ppr_lab5\dataset_folder\train\bayhorse\0647.jpg;0
C:\labs\ppr_lab5\dataset_folder\train\bayhorse\0648.jpg;0
C:\labs\ppr_lab5\dataset_folder\train\bayhorse\0650.jpg;0
C:\labs\ppr_lab5\dataset_folder\train\bayhorse\0651.jpg;0
C:\labs\ppr_lab5\dataset_folder\train\bayhorse\0652.jpg;0
C:\labs\ppr_lab5\dataset_folder\train\bayhorse\0653.jpg;0
C:\labs\ppr_lab5\dataset_folder\train\bayhorse\0655.jpg;0
C:\labs\ppr_lab5\dataset_folder\train\bayhorse\0656.jpg;0
C:\labs\ppr_lab5\dataset_folder\train\bayhorse\0657.jpg;0
C:\labs\ppr_lab5\dataset_folder\train\bayhorse\0658.jpg;0
C:\labs\ppr_lab5\dataset_folder\train\bayhorse\0659.jpg;0
C:\labs\ppr_lab5\dataset_folder\train\bayhorse\0660.jpg;0
C:\labs\ppr_lab5\dataset_folder\train\bayhorse\0661.jpg;0
C:\labs\ppr_lab5\dataset_folder\train\bayhorse\0662.jpg;0
C:\labs\ppr_lab5\dataset_folder\train\bayhorse\0663.jpg;0
C:\labs\ppr_lab5\dataset_folder\train\bayhorse\0664.jpg;0
C:\labs\ppr_lab5\dataset_folder\train\bayhorse\0665.jpg;0
C:\labs\ppr_lab5\dataset_folder\train\bayhorse\0666.jpg;0
C:\labs\ppr_lab5\dataset_folder\train\bayhorse\0667.jpg;0
C:\labs\ppr_lab5\dataset_folder\train\bayhorse\0668.jpg;0
C:\labs\ppr_lab5\dataset_folder\train\bayhorse\0669.jpg;0
C:\labs\ppr_lab5\dataset_folder\train\bayhorse\0670.jpg;0
C:\labs\ppr_lab5\dataset_folder\train\bayhorse\0671.jpg;0
C:\labs\ppr_lab5\dataset_folder\train\bayhorse\0672.jpg;0
C:\labs\ppr_lab5\dataset_folder\train\bayhorse\0673.jpg;0
C:\labs\ppr_lab5\dataset_folder\train\bayhorse\0674.jpg;0
C:\labs\ppr_lab5\dataset_folder\train\bayhorse\0675.jpg;0
C:\labs\ppr_lab5\dataset_folder\train\bayhorse\0676.jpg;0
C:\labs\ppr_lab5\dataset_folder\train\bayhorse\0677.jpg;0
C:\labs\ppr_lab5\dataset_folder\train\bayhorse\0678.jpg;0
C:\labs\ppr_lab5\dataset_folder\train\bayhorse\0679.jpg;0
C:\labs\ppr_lab5\dataset_folder\train\bayhorse\0680.jpg;0
C:\labs\ppr_lab5\dataset_folder\train\bayhorse\0683.jpg;0
C:\labs\ppr_lab5\dataset_folder\train\bayhorse\0684.jpg;0
C:\labs\ppr_lab5\dataset_folder\train\bayhorse\0686.jpg;0
C:\labs\ppr_lab5\dataset_folder\train\bayhorse\0687.jpg;0
C:\labs\ppr_lab5\dataset_folder\train\bayhorse\0688.jpg;0
C:\labs\ppr_lab5\dataset_folder\train\bayhorse\0689.jpg;0
C:\labs\ppr_lab5\dataset_folder\train\bayhorse\0690.jpg;0
C:\labs\ppr_lab5\dataset_folder\train\bayhorse\0691.jpg;0
C:\labs\ppr_lab5\dataset_folder\train\bayhorse\0692.jpg;0
C:\labs\ppr_lab5\dataset_folder\train\bayhorse\0693.jpg;0
C:\labs\ppr_lab5\dataset_folder\train\bayhorse\0694.jpg;0
C:\labs\ppr_lab5\dataset_folder\train\bayhorse\0695.jpg;0
C:\labs\ppr_lab5\dataset_folder\train\bayhorse\0696.jpg;0
C:\labs\ppr_lab5\dataset_folder\train\bayhorse\0698.jpg;0
C:\labs\ppr_lab5\dataset_folder\train\bayhorse\0700.jpg;0
C:\labs\ppr_lab5\dataset_folder\train\bayhorse\0701.jpg;0
C:\labs\ppr_lab5\dataset_folder\train\bayhorse\0703.jpg;0
C:\labs\ppr_lab5\dataset_folder\train\bayhorse\0704.jpg;0
C:\labs\ppr_lab5\dataset_folder\train\bayhorse\0705.jpg;0
C:\labs\ppr_lab5\dataset_folder\train\bayhorse\0706.jpg;0
C:\labs\ppr_lab5\dataset_folder\train\bayhorse\0707.jpg;0
C:\labs\ppr_lab5\dataset_folder\train\bayhorse\0709.jpg;0
C:\labs\ppr_lab5\dataset_folder\train\bayhorse\0710.jpg;0
C:\labs\ppr_lab5\dataset_folder\train\bayhorse\0712.jpg;0
C:\labs\ppr_lab5\dataset_folder\train\bayhorse\0713.jpg;0
C:\labs\ppr_lab5\dataset_folder\train\bayhorse\0714.jpg;0
C:\labs\ppr_lab5\dataset_folder\train\bayhorse\0715.jpg;0
C:\labs\ppr_lab5\dataset_folder\train\bayhorse\0716.jpg;0
C:\labs\ppr_lab5\dataset_folder\train\bayhorse\0717.jpg;0
C:\labs\ppr_lab5\dataset_folder\train\bayhorse\0719.jpg;0
C:\labs\ppr_lab5\dataset_folder\train\bayhorse\0720.jpg;0
C:\labs\ppr_lab5\dataset_folder\train\bayhorse\0721.jpg;0
C:\labs\ppr_lab5\dataset_folder\train\bayhorse\0722.jpg;0
C:\labs\ppr_lab5\dataset_folder\train\bayhorse\0723.jpg;0
C:\labs\ppr_lab5\dataset_folder\train\bayhorse\0724.jpg;0
C:\labs\ppr_lab5\dataset_folder\train\bayhorse\0725.jpg;0
C:\labs\ppr_lab5\dataset_folder\train\bayhorse\0726.jpg;0
C:\labs\ppr_lab5\dataset_folder\train\bayhorse\0727.jpg;0
C:\labs\ppr_lab5\dataset_folder\train\bayhorse\0730.jpg;0
C:\labs\ppr_lab5\dataset_folder\train\bayhorse\0731.jpg;0
C:\labs\ppr_lab5\dataset_folder\train\bayhorse\0732.jpg;0
C:\labs\ppr_lab5\dataset_folder\train\bayhorse\0733.jpg;0
C:\labs\ppr_lab5\dataset_folder\train\bayhorse\0734.jpg;0
C:\labs\ppr_lab5\dataset_folder\train\bayhorse\0736.jpg;0
C:\labs\ppr_lab5\dataset_folder\train\bayhorse\0737.jpg;0
C:\labs\ppr_lab5\dataset_folder\train\bayhorse\0738.jpg;0
C:\labs\ppr_lab5\dataset_folder\train\bayhorse\0740.jpg;0
C:\labs\ppr_lab5\dataset_folder\train\bayhorse\0741.jpg;0
C:\labs\ppr_lab5\dataset_folder\train\bayhorse\0742.jpg;0
C:\labs\ppr_lab5\dataset_folder\train\bayhorse\0743.jpg;0
C:\labs\ppr_lab5\dataset_folder\train\bayhorse\0744.jpg;0
C:\labs\ppr_lab5\dataset_folder\train\bayhorse\0746.jpg;0
C:\labs\ppr_lab5\dataset_folder\train\bayhorse\0747.jpg;0
C:\labs\ppr_lab5\dataset_folder\train\bayhorse\0748.jpg;0
C:\labs\ppr_lab5\dataset_folder\train\bayhorse\0749.jpg;0
C:\labs\ppr_lab5\dataset_folder\train\bayhorse\0751.jpg;0
C:\labs\ppr_lab5\dataset_folder\train\bayhorse\0752.jpg;0
C:\labs\ppr_lab5\dataset_folder\train\bayhorse\0753.jpg;0
C:\labs\ppr_lab5\dataset_folder\train\bayhorse\0755.jpg;0
C:\labs\ppr_lab5\dataset_folder\train\bayhorse\0756.jpg;0
C:\labs\ppr_lab5\dataset_folder\train\bayhorse\0758.jpg;0
C:\labs\ppr_lab5\dataset_folder\train\bayhorse\0759.jpg;0
C:\labs\ppr_lab5\dataset_folder\train\bayhorse\0761.jpg;0
C:\labs\ppr_lab5\dataset_folder\train\bayhorse\0762.jpg;0
C:\labs\ppr_lab5\dataset_folder\train\bayhorse\0763.jpg;0
C:\labs\ppr_lab5\dataset_folder\train\bayhorse\0764.jpg;0
C:\labs\ppr_lab5\dataset_folder\train\bayhorse\0765.jpg;0
C:\labs\ppr_lab5\dataset_folder\train\bayhorse\0766.jpg;0
C:\labs\ppr_lab5\dataset_folder\train\bayhorse\0768.jpg;0
C:\labs\ppr_lab5\dataset_folder\train\bayhorse\0769.jpg;0
C:\labs\ppr_lab5\dataset_folder\train\bayhorse\0771.jpg;0
C:\labs\ppr_lab5\dataset_folder\train\bayhorse\0772.jpg;0
C:\labs\ppr_lab5\dataset_folder\train\bayhorse\0773.jpg;0
C:\labs\ppr_lab5\dataset_folder\train\bayhorse\0774.jpg;0
C:\labs\ppr_lab5\dataset_folder\train\bayhorse\0775.jpg;0
C:\labs\ppr_lab5\dataset_folder\train\bayhorse\0776.jpg;0
C:\labs\ppr_lab5\dataset_folder\train\bayhorse\0777.jpg;0
C:\labs\ppr_lab5\dataset_folder\train\bayhorse\0778.jpg;0
C:\labs\ppr_lab5\dataset_folder\train\bayhorse\0779.jpg;0
C:\labs\ppr_lab5\dataset_folder\train\bayhorse\0780.jpg;0
C:\labs\ppr_lab5\dataset_folder\train\bayhorse\0782.jpg;0
C:\labs\ppr_lab5\dataset_folder\train\bayhorse\0783.jpg;0
C:\labs\ppr_lab5\dataset_folder\train\bayhorse\0784.jpg;0
C:\labs\ppr_lab5\dataset_folder\train\bayhorse\0785.jpg;0
C:\labs\ppr_lab5\dataset_folder\train\bayhorse\0786.jpg;0
C:\labs\ppr_lab5\dataset_folder\train\bayhorse\0787.jpg;0
C:\labs\ppr_lab5\dataset_folder\train\bayhorse\0788.jpg;0
C:\labs\ppr_lab5\dataset_folder\train\bayhorse\0789.jpg;0
C:\labs\ppr_lab5\dataset_folder\train\bayhorse\0790.jpg;0
C:\labs\ppr_lab5\dataset_folder\train\bayhorse\0791.jpg;0
C:\labs\ppr_lab5\dataset_folder\train\bayhorse\0792.jpg;0
C:\labs\ppr_lab5\dataset_folder\train\bayhorse\0793.jpg;0
C:\labs\ppr_lab5\dataset_folder\train\bayhorse\0794.jpg;0
C:\labs\ppr_lab5\dataset_folder\train\bayhorse\0796.jpg;0
C:\labs\ppr_lab5\dataset_folder\train\bayhorse\0797.jpg;0
C:\labs\ppr_lab5\dataset_folder\train\bayhorse\0799.jpg;0
C:\labs\ppr_lab5\dataset_folder\train\bayhorse\0800.jpg;0
C:\labs\ppr_lab5\dataset_folder\train\bayhorse\0801.jpg;0
C:\labs\ppr_lab5\dataset_folder\train\bayhorse\0802.jpg;0
C:\labs\ppr_lab5\dataset_folder\train\bayhorse\0803.jpg;0
C:\labs\ppr_lab5\dataset_folder\train\bayhorse\0804.jpg;0
C:\labs\ppr_lab5\dataset_folder\train\bayhorse\0806.jpg;0
C:\labs\ppr_lab5\dataset_folder\train\bayhorse\0807.jpg;0
C:\labs\ppr_lab5\dataset_folder\train\bayhorse\0808.jpg;0
C:\labs\ppr_lab5\dataset_folder\train\bayhorse\0809.jpg;0
C:\labs\ppr_lab5\dataset_folder\train\bayhorse\0811.jpg;0
C:\labs\ppr_lab5\dataset_folder\train\bayhorse\0812.jpg;0
C:\labs\ppr_lab5\dataset_folder\train\bayhorse\0813.jpg;0
C:\labs\ppr_lab5\dataset_folder\train\bayhorse\0815.jpg;0
C:\labs\ppr_lab5\dataset_folder\train\bayhorse\0816.jpg;0
C:\labs\ppr_lab5\dataset_folder\train\bayhorse\0817.jpg;0
C:\labs\ppr_lab5\dataset_folder\train\bayhorse\0818.jpg;0
C:\labs\ppr_lab5\dataset_folder\train\bayhorse\0819.jpg;0
C:\labs\ppr_lab5\dataset_folder\train\bayhorse\0820.jpg;0
C:\labs\ppr_lab5\dataset_folder\train\bayhorse\0823.jpg;0
C:\labs\ppr_lab5\dataset_folder\train\bayhorse\0824.jpg;0
C:\labs\ppr_lab5\dataset_folder\train\bayhorse\0825.jpg;0
C:\labs\ppr_lab5\dataset_folder\train\bayhorse\0826.jpg;0
C:\labs\ppr_lab5\dataset_folder\train\bayhorse\0827.jpg;0
C:\labs\ppr_lab5\dataset_folder\train\bayhorse\0828.jpg;0
C:\labs\ppr_lab5\dataset_folder\train\bayhorse\0829.jpg;0
C:\labs\ppr_lab5\dataset_folder\train\bayhorse\0830.jpg;0
C:\labs\ppr_lab5\dataset_folder\train\bayhorse\0831.jpg;0
C:\labs\ppr_lab5\dataset_folder\train\bayhorse\0832.jpg;0
C:\labs\ppr_lab5\dataset_folder\train\bayhorse\0833.jpg;0
C:\labs\ppr_lab5\dataset_folder\train\bayhorse\0834.jpg;0
C:\labs\ppr_lab5\dataset_folder\train\bayhorse\0836.jpg;0
C:\labs\ppr_lab5\dataset_folder\train\bayhorse\0837.jpg;0
C:\labs\ppr_lab5\dataset_folder\train\bayhorse\0838.jpg;0
C:\labs\ppr_lab5\dataset_folder\train\bayhorse\0839.jpg;0
C:\labs\ppr_lab5\dataset_folder\train\bayhorse\0840.jpg;0
C:\labs\ppr_lab5\dataset_folder\train\bayhorse\0842.jpg;0
C:\labs\ppr_lab5\dataset_folder\train\bayhorse\0843.jpg;0
C:\labs\ppr_lab5\dataset_folder\train\bayhorse\0844.jpg;0
C:\labs\ppr_lab5\dataset_folder\train\bayhorse\0845.jpg;0
C:\labs\ppr_lab5\dataset_folder\train\bayhorse\0848.jpg;0
C:\labs\ppr_lab5\dataset_folder\train\bayhorse\0849.jpg;0
C:\labs\ppr_lab5\dataset_folder\train\bayhorse\0850.jpg;0
C:\labs\ppr_lab5\dataset_folder\train\bayhorse\0851.jpg;0
C:\labs\ppr_lab5\dataset_folder\train\bayhorse\0852.jpg;0
C:\labs\ppr_lab5\dataset_folder\train\bayhorse\0853.jpg;0
C:\labs\ppr_lab5\dataset_folder\train\bayhorse\0854.jpg;0
C:\labs\ppr_lab5\dataset_folder\train\bayhorse\0855.jpg;0
C:\labs\ppr_lab5\dataset_folder\train\bayhorse\0856.jpg;0
C:\labs\ppr_lab5\dataset_folder\train\bayhorse\0857.jpg;0
C:\labs\ppr_lab5\dataset_folder\train\bayhorse\0858.jpg;0
C:\labs\ppr_lab5\dataset_folder\train\bayhorse\0860.jpg;0
C:\labs\ppr_lab5\dataset_folder\train\bayhorse\0861.jpg;0
C:\labs\ppr_lab5\dataset_folder\train\bayhorse\0862.jpg;0
C:\labs\ppr_lab5\dataset_folder\train\bayhorse\0863.jpg;0
C:\labs\ppr_lab5\dataset_folder\train\bayhorse\0864.jpg;0
C:\labs\ppr_lab5\dataset_folder\train\bayhorse\0865.jpg;0
C:\labs\ppr_lab5\dataset_folder\train\bayhorse\0866.jpg;0
C:\labs\ppr_lab5\dataset_folder\train\bayhorse\0867.jpg;0
C:\labs\ppr_lab5\dataset_folder\train\bayhorse\0869.jpg;0
C:\labs\ppr_lab5\dataset_folder\train\bayhorse\0872.jpg;0
C:\labs\ppr_lab5\dataset_folder\train\bayhorse\0873.jpg;0
C:\labs\ppr_lab5\dataset_folder\train\bayhorse\0874.jpg;0
C:\labs\ppr_lab5\dataset_folder\train\bayhorse\0875.jpg;0
C:\labs\ppr_lab5\dataset_folder\train\bayhorse\0877.jpg;0
C:\labs\ppr_lab5\dataset_folder\train\bayhorse\0882.jpg;0
C:\labs\ppr_lab5\dataset_folder\train\bayhorse\0884.jpg;0
C:\labs\ppr_lab5\dataset_folder\train\bayhorse\0885.jpg;0
C:\labs\ppr_lab5\dataset_folder\train\bayhorse\0886.jpg;0
C:\labs\ppr_lab5\dataset_folder\train\bayhorse\0887.jpg;0
C:\labs\ppr_lab5\dataset_folder\train\bayhorse\0889.jpg;0
C:\labs\ppr_lab5\dataset_folder\train\bayhorse\0891.jpg;0
C:\labs\ppr_lab5\dataset_folder\train\bayhorse\0892.jpg;0
C:\labs\ppr_lab5\dataset_folder\train\bayhorse\0893.jpg;0
C:\labs\ppr_lab5\dataset_folder\train\bayhorse\0895.jpg;0
C:\labs\ppr_lab5\dataset_folder\train\bayhorse\0896.jpg;0
C:\labs\ppr_lab5\dataset_folder\train\bayhorse\0898.jpg;0
C:\labs\ppr_lab5\dataset_folder\train\bayhorse\0899.jpg;0
C:\labs\ppr_lab5\dataset_folder\train\bayhorse\0902.jpg;0
C:\labs\ppr_lab5\dataset_folder\train\bayhorse\0903.jpg;0
C:\labs\ppr_lab5\dataset_folder\train\bayhorse\0904.jpg;0
C:\labs\ppr_lab5\dataset_folder\train\bayhorse\0905.jpg;0
C:\labs\ppr_lab5\dataset_folder\train\bayhorse\0906.jpg;0
C:\labs\ppr_lab5\dataset_folder\train\bayhorse\0907.jpg;0
C:\labs\ppr_lab5\dataset_folder\train\bayhorse\0909.jpg;0
C:\labs\ppr_lab5\dataset_folder\train\bayhorse\0910.jpg;0
C:\labs\ppr_lab5\dataset_folder\train\bayhorse\0912.jpg;0
C:\labs\ppr_lab5\dataset_folder\train\bayhorse\0913.jpg;0
C:\labs\ppr_lab5\dataset_folder\train\bayhorse\0915.jpg;0
C:\labs\ppr_lab5\dataset_folder\train\bayhorse\0917.jpg;0
C:\labs\ppr_lab5\dataset_folder\train\bayhorse\0921.jpg;0
C:\labs\ppr_lab5\dataset_folder\train\bayhorse\0922.jpg;0
C:\labs\ppr_lab5\dataset_folder\train\bayhorse\0924.jpg;0
C:\labs\ppr_lab5\dataset_folder\train\bayhorse\0925.jpg;0
C:\labs\ppr_lab5\dataset_folder\train\bayhorse\0926.jpg;0
C:\labs\ppr_lab5\dataset_folder\train\bayhorse\0927.jpg;0
C:\labs\ppr_lab5\dataset_folder\train\bayhorse\0928.jpg;0
C:\labs\ppr_lab5\dataset_folder\train\bayhorse\0929.jpg;0
C:\labs\ppr_lab5\dataset_folder\train\bayhorse\0930.jpg;0
C:\labs\ppr_lab5\dataset_folder\train\bayhorse\0931.jpg;0
C:\labs\ppr_lab5\dataset_folder\train\bayhorse\0932.jpg;0
C:\labs\ppr_lab5\dataset_folder\train\bayhorse\0933.jpg;0
C:\labs\ppr_lab5\dataset_folder\train\bayhorse\0935.jpg;0
C:\labs\ppr_lab5\dataset_folder\train\bayhorse\0936.jpg;0
C:\labs\ppr_lab5\dataset_folder\train\bayhorse\0937.jpg;0
C:\labs\ppr_lab5\dataset_folder\train\bayhorse\0938.jpg;0
C:\labs\ppr_lab5\dataset_folder\train\bayhorse\0939.jpg;0
C:\labs\ppr_lab5\dataset_folder\train\bayhorse\0941.jpg;0
C:\labs\ppr_lab5\dataset_folder\train\bayhorse\0944.jpg;0
C:\labs\ppr_lab5\dataset_folder\train\bayhorse\0945.jpg;0
C:\labs\ppr_lab5\dataset_folder\train\bayhorse\0946.jpg;0
C:\labs\ppr_lab5\dataset_folder\train\bayhorse\0947.jpg;0
C:\labs\ppr_lab5\dataset_folder\train\bayhorse\0948.jpg;0
C:\labs\ppr_lab5\dataset_folder\train\bayhorse\0950.jpg;0
C:\labs\ppr_lab5\dataset_folder\train\bayhorse\0951.jpg;0
C:\labs\ppr_lab5\dataset_folder\train\bayhorse\0952.jpg;0
C:\labs\ppr_lab5\dataset_folder\train\bayhorse\0953.jpg;0
C:\labs\ppr_lab5\dataset_folder\train\bayhorse\0955.jpg;0
C:\labs\ppr_lab5\dataset_folder\train\bayhorse\0956.jpg;0
C:\labs\ppr_lab5\dataset_folder\train\bayhorse\0958.jpg;0
C:\labs\ppr_lab5\dataset_folder\train\bayhorse\0959.jpg;0
C:\labs\ppr_lab5\dataset_folder\train\bayhorse\0960.jpg;0
C:\labs\ppr_lab5\dataset_folder\train\bayhorse\0961.jpg;0
C:\labs\ppr_lab5\dataset_folder\train\bayhorse\0963.jpg;0
C:\labs\ppr_lab5\dataset_folder\train\bayhorse\0964.jpg;0
C:\labs\ppr_lab5\dataset_folder\train\bayhorse\0965.jpg;0
C:\labs\ppr_lab5\dataset_folder\train\bayhorse\0966.jpg;0
C:\labs\ppr_lab5\dataset_folder\train\bayhorse\0967.jpg;0
C:\labs\ppr_lab5\dataset_folder\train\bayhorse\0968.jpg;0
C:\labs\ppr_lab5\dataset_folder\train\bayhorse\0969.jpg;0
C:\labs\ppr_lab5\dataset_folder\train\bayhorse\0970.jpg;0
C:\labs\ppr_lab5\dataset_folder\train\bayhorse\0972.jpg;0
C:\labs\ppr_lab5\dataset_folder\train\bayhorse\0973.jpg;0
C:\labs\ppr_lab5\dataset_folder\train\bayhorse\0974.jpg;0
C:\labs\ppr_lab5\dataset_folder\train\bayhorse\0975.jpg;0
C:\labs\ppr_lab5\dataset_folder\train\bayhorse\0976.jpg;0
C:\labs\ppr_lab5\dataset_folder\train\bayhorse\0977.jpg;0
C:\labs\ppr_lab5\dataset_folder\train\bayhorse\0978.jpg;0
C:\labs\ppr_lab5\dataset_folder\train\bayhorse\0979.jpg;0
C:\labs\ppr_lab5\dataset_folder\train\bayhorse\0980.jpg;0
C:\labs\ppr_lab5\dataset_folder\train\bayhorse\0981.jpg;0
C:\labs\ppr_lab5\dataset_folder\train\bayhorse\0982.jpg;0
C:\labs\ppr_lab5\dataset_folder\train\bayhorse\0983.jpg;0
C:\labs\ppr_lab5\dataset_folder\train\bayhorse\0985.jpg;0
C:\labs\ppr_lab5\dataset_folder\train\bayhorse\0986.jpg;0
C:\labs\ppr_lab5\dataset_folder\train\bayhorse\0987.jpg;0
C:\labs\ppr_lab5\dataset_folder\train\bayhorse\0988.jpg;0
C:\labs\ppr_lab5\dataset_folder\train\bayhorse\0989.jpg;0
C:\labs\ppr_lab5\dataset_folder\train\bayhorse\0991.jpg;0
C:\labs\ppr_lab5\dataset_folder\train\bayhorse\0992.jpg;0
C:\labs\ppr_lab5\dataset_folder\train\bayhorse\0993.jpg;0
C:\labs\ppr_lab5\dataset_folder\train\bayhorse\0994.jpg;0
C:\labs\ppr_lab5\dataset_folder\train\bayhorse\0995.jpg;0
C:\labs\ppr_lab5\dataset_folder\train\bayhorse\0997.jpg;0
C:\labs\ppr_lab5\dataset_folder\train\bayhorse\0998.jpg;0
C:\labs\ppr_lab5\dataset_folder\train\bayhorse\0999.jpg;0
C:\labs\ppr_lab5\dataset_folder\train\bayhorse\1000.jpg;0
C:\labs\ppr_lab5\dataset_folder\train\bayhorse\1001.jpg;0
C:\labs\ppr_lab5\dataset_folder\train\bayhorse\1002.jpg;0
C:\labs\ppr_lab5\dataset_folder\train\bayhorse\1003.jpg;0
C:\labs\ppr_lab5\dataset_folder\train\bayhorse\1004.jpg;0
C:\labs\ppr_lab5\dataset_folder\train\bayhorse\1006.jpg;0
C:\labs\ppr_lab5\dataset_folder\train\bayhorse\1007.jpg;0
C:\labs\ppr_lab5\dataset_folder\train\bayhorse\1008.jpg;0
C:\labs\ppr_lab5\dataset_folder\train\bayhorse\1009.jpg;0
C:\labs\ppr_lab5\dataset_folder\train\bayhorse\1010.jpg;0
C:\labs\ppr_lab5\dataset_folder\train\bayhorse\1011.jpg;0
C:\labs\ppr_lab5\dataset_folder\train\bayhorse\1012.jpg;0
C:\labs\ppr_lab5\dataset_folder\train\bayhorse\1014.jpg;0
C:\labs\ppr_lab5\dataset_folder\train\bayhorse\1015.jpg;0
C:\labs\ppr_lab5\dataset_folder\train\bayhorse\1017.jpg;0
C:\labs\ppr_lab5\dataset_folder\train\bayhorse\1018.jpg;0
